source,target
Geralt,Velerad
Ostrit,Velerad
Geralt,Velerad
Ostrit,Velerad
Adda,Ostrit
Ostrit,Velerad
Adda,Ostrit
Ostrit,Velerad
Adda,Ostrit
Ostrit,Velerad
Adda,Ostrit
Adda,Segelin
Ostrit,Segelin
Ostrit,Velerad
Adda,Ostrit
Adda,Segelin
Ostrit,Segelin
Adda,Segelin
Ostrit,Segelin
Ostrit,Segelin
Ostrit,Segelin
Ostrit,Segelin
Ostrit,Velerad
Foltest,Geralt
Foltest,Geralt
Foltest,Geralt
Foltest,Geralt
Adda,Foltest
Adda,Foltest
Adda,Foltest
Adda,Foltest
Geralt,Ostrit
Geralt,Ostrit
Geralt,Ostrit
Geralt,Ostrit
Geralt,Ostrit
Geralt,Ostrit
Geralt,Ostrit
Geralt,Ostrit
Geralt,Ostrit
Geralt,Ostrit
Segelin,Velerad
Segelin,Velerad
Segelin,Velerad
Segelin,Velerad
Segelin,Velerad
Segelin,Velerad
Foltest,Velerad
Foltest,Velerad
Foltest,Velerad
Foltest,Velerad
Foltest,Velerad
Foltest,Velerad
Geralt,Ostrit
Geralt,Ostrit
Foltest,Ostrit
Foltest,Ostrit
Foltest,Ostrit
Geralt,Velerad
Geralt,Velerad
Geralt,Velerad
Geralt,Velerad
Geralt,Velerad
Geralt,Velerad
Geralt,Nenneke
Geralt,Nenneke
Geralt,Nenneke
Geralt,Nenneke
Nenneke,Yennefer
Geralt,Nenneke
Nenneke,Yennefer
Nenneke,Yennefer
Geralt,Nenneke
Nenneke,Yennefer
Nenneke,Yennefer
Nenneke,Yennefer
Nenneke,Yennefer
Nenneke,Yennefer
Geralt,Nenneke
Geralt,Nenneke
Geralt,Nenneke
Iola,Nenneke
Iola,Nenneke
Iola,Nenneke
Geralt,Roach
Geralt,Roach
Geralt,Roach
Rulle Asper,Two
Rulle Asper,Two
Rulle Asper,Two
Geralt,Rulle Asper
Rulle Asper,Two
Geralt,Rulle Asper
Geralt,Rulle Asper
Geralt,Rulle Asper
Geralt,Roach
Geralt,Roach
Geralt,Roach
Geralt,Roach
Geralt,Nivellen
Geralt,Nivellen
Geralt,Nivellen
Geralt,Nivellen
Geralt,Nivellen
Geralt,Nivellen
Geralt,Nivellen
Geralt,Nivellen
Geralt,Nivellen
Geralt,Nivellen
Geralt,Nivellen
Fenne,Geralt
Fenne,Geralt
Fenne,Geralt
Fenne,Geralt
Fenne,Geralt
Fenne,Nivellen
Fenne,Nivellen
Fenne,Nivellen
Fenne,Nivellen
Nivellen,Primula
Nivellen,Primula
Geralt,Primula
Geralt,Primula
Geralt,Primula
Geralt,Primula
Geralt,Primula
Geralt,Primula
Geralt,Primula
Geralt,Primula
Geralt,Primula
Geralt,Nivellen
Geralt,Nivellen
Geralt,Venimira
Geralt,Nivellen
Geralt,Venimira
Geralt,Nivellen
Geralt,Venimira
Geralt,Venimira
Geralt,Venimira
Nivellen,Venimira
Nivellen,Venimira
Geralt,Nivellen
Geralt,Nivellen
Geralt,Nivellen
Geralt,Nivellen
Geralt,Nivellen
Geralt,Nivellen
Geralt,Nivellen
Geralt,Nivellen
Geralt,Nivellen
Geralt,Nivellen
Geralt,Nivellen
Geralt,Nivellen
Geralt,Nivellen
Geralt,Nivellen
Geralt,Nivellen
Glutton,Nivellen
Glutton,Vereena
Glutton,Vereena
Glutton,Vereena
Glutton,Vereena
Nivellen,Vereena
Nivellen,Vereena
Geralt,Nivellen
Geralt,Nivellen
Geralt,Nivellen
Geralt,Vereena
Geralt,Vereena
Roach,Vereena
Roach,Vereena
Nivellen,Vereena
Nivellen,Vereena
Nivellen,Vereena
Nivellen,Vereena
Nivellen,Vereena
Nivellen,Vereena
Nivellen,Vereena
Nivellen,Vereena
Nivellen,Vereena
Nivellen,Vereena
Nivellen,Vereena
Nivellen,Vereena
Geralt,Nivellen
Geralt,Nivellen
Geralt,Nivellen
Geralt,Nivellen
Geralt,Nivellen
Geralt,Nivellen
Falwick,Geralt
Falwick,Geralt
Falwick,Geralt
Falwick,Geralt
Falwick,Nenneke
Geralt,Nenneke
Geralt,Hereward
Geralt,Nenneke
Geralt,Hereward
Geralt,Nenneke
Geralt,Hereward
Geralt,Hereward
Geralt,Hereward
Geralt,Hereward
Geralt,Nenneke
Geralt,Nenneke
Hereward,Nenneke
Hereward,Nenneke
Hereward,Nenneke
Hereward,Nenneke
Hereward,Nenneke
Falwick,Nenneke
Falwick,Nenneke
Falwick,Geralt
Falwick,Geralt
Falwick,Geralt
Falwick,Geralt
Falwick,Geralt
Falwick,Nenneke
Falwick,Geralt
Falwick,Nenneke
Falwick,Geralt
Falwick,Nenneke
Falwick,Nenneke
Geralt,Nenneke
Falwick,Geralt
Falwick,Nenneke
Geralt,Nenneke
Falwick,Geralt
Geralt,Nenneke
Falwick,Geralt
Falwick,Geralt
Falwick,Geralt
Falwick,Geralt
Falwick,Geralt
Falwick,Geralt
Falwick,Geralt
Falwick,Nenneke
Falwick,Geralt
Falwick,Nenneke
Geralt,Nenneke
Falwick,Geralt
Falwick,Nenneke
Geralt,Nenneke
Falwick,Nenneke
Geralt,Nenneke
Falwick,Nenneke
Geralt,Nenneke
Geralt,Nenneke
Geralt,Nenneke
Geralt,Nenneke
Falwick,Nenneke
Falwick,Nenneke
Falwick,Nenneke
Falwick,Nenneke
Falwick,Nenneke
Falwick,Nenneke
Falwick,Nenneke
Falwick,Nenneke
Falwick,Geralt
Falwick,Geralt
Falwick,Geralt
Falwick,Geralt
Falwick,Geralt
Falwick,Geralt
Falwick,Geralt
Falwick,Nenneke
Falwick,Nenneke
Falwick,Nenneke
Falwick,Nenneke
Falwick,Nenneke
Falwick,Nenneke
Falwick,Nenneke
Falwick,Nenneke
Dragomir,Trigla
Dragomir,Trigla
Dragomir,Trigla
Dragomir,Trigla
Dragomir,Trigla
Dragomir,Trigla
Caldemeyn,Geralt
Caldemeyn,Geralt
Caldemeyn,Geralt
Caldemeyn,Geralt
Caldemeyn,Karelka
Caldemeyn,Karelka
Caldemeyn,Karelka
Caldemeyn,Geralt
Caldemeyn,Geralt
Caldemeyn,Geralt
Caldemeyn,Geralt
Caldemeyn,Geralt
Caldemeyn,Geralt
Caldemeyn,Geralt
Caldemeyn,Geralt
Caldemeyn,Geralt
Caldemeyn,Geralt
Geralt,Stregobor
Geralt,Stregobor
Geralt,Stregobor
Geralt,Stregobor
Geralt,Stregobor
Geralt,Stregobor
Geralt,Stregobor
Geralt,Stregobor
Geralt,Stregobor
Geralt,Stregobor
Geralt,Stregobor
Geralt,Stregobor
Geralt,Stregobor
Geralt,Stregobor
Geralt,Stregobor
Geralt,Stregobor
Geralt,Stregobor
Geralt,Stregobor
Geralt,Stregobor
Geralt,Two
Geralt,Two
Geralt,Two
Geralt,Two
Geralt,Zavist
Geralt,Zavist
Geralt,Zavist
Geralt,Zavist
Stregobor,Zavist
Stregobor,Zavist
Evermir,Fialka
Evermir,Fialka
Evermir,Fialka
Evermir,Fialka
Evermir,Fialka
Evermir,Fialka
Abrad,Evermir
Fredefalk,Stregobor
Fredefalk,Stregobor
Fredefalk,Stregobor
Fredefalk,Stregobor
Fredefalk,Geralt
Fredefalk,Geralt
Fredefalk,Geralt
Fredefalk,Geralt
Fredefalk,Geralt
Fredefalk,Geralt
Fredefalk,Geralt
Fredefalk,Geralt
Geralt,Stregobor
Geralt,Stregobor
Fredefalk,Stregobor
Geralt,Stregobor
Fredefalk,Stregobor
Geralt,Stregobor
Fredefalk,Stregobor
Geralt,Stregobor
Fredefalk,Stregobor
Fredefalk,Stregobor
Fredefalk,Renfri
Fredefalk,Renfri
Fredefalk,Renfri
Fredefalk,Renfri
Fredefalk,Renfri
Nimir,Two
Nimir,Two
Nimir,Two
Nimir,Nohorn
Nohorn,Tavik
Nohorn,Tavik
Nohorn,Tavik
Nohorn,Tavik
Nohorn,Tavik
Nohorn,Tavik
Nohorn,Tavik
Fifteen,Nohorn
Fifteen,Nohorn
Fifteen,Nohorn
Fifteen,Nohorn
Fifteen,Nohorn
Fifteen,Nohorn
Fifteen,Tavik
Fifteen,Tavik
Fifteen,Tavik
Geralt,Tavik
Fifteen,Tavik
Geralt,Tavik
Civril,Geralt
Geralt,Tavik
Civril,Geralt
Geralt,Tavik
Civril,Geralt
Geralt,Tavik
Civril,Geralt
Geralt,Tavik
Civril,Geralt
Civril,Geralt
Geralt,Nohorn
Geralt,Nohorn
Civril,Nohorn
Civril,Nohorn
Civril,Tavik
Civril,Tavik
Civril,Tavik
Civril,Tavik
Civril,Tavik
Civril,Tavik
Civril,Tavik
Civril,Tavik
Fifteen,Nohorn
Fifteen,Nohorn
Fifteen,Nohorn
Fifteen,Nohorn
Fifteen,Nohorn
Fifteen,Nohorn
Fifteen,Tavik
Fifteen,Tavik
Civril,Fifteen
Fifteen,Tavik
Civril,Fifteen
Fifteen,Tavik
Civril,Fifteen
Civril,Fifteen
Civril,Fifteen
Fifteen,Nohorn
Fifteen,Nohorn
Fifteen,Tavik
Fifteen,Nohorn
Fifteen,Tavik
Fifteen,Tavik
Fifteen,Tavik
Fifteen,Tavik
Civril,Renfri
Civril,Renfri
Civril,Renfri
Civril,Renfri
Civril,Renfri
Civril,Renfri
Civril,Renfri
Civril,Renfri
Civril,Renfri
Civril,Renfri
Civril,Renfri
Renfri,Tavik
Renfri,Tavik
Renfri,Tavik
Renfri,Tavik
Renfri,Tavik
Renfri,Tavik
Renfri,Tavik
Renfri,Tavik
Renfri,Tavik
Renfri,Tavik
Caldemeyn,Renfri
Caldemeyn,Renfri
Caldemeyn,Renfri
Caldemeyn,Renfri
Caldemeyn,Renfri
Geralt,Renfri
Geralt,Renfri
Geralt,Renfri
Audoen,Renfri
Audoen,Renfri
Audoen,Renfri
Audoen,Renfri
Audoen,Renfri
Audoen,Renfri
Audoen,Renfri
Audoen,Renfri
Audoen,Renfri
Audoen,Renfri
Audoen,Renfri
Audoen,Renfri
Audoen,Renfri
Audoen,Renfri
Audoen,Renfri
Caldemeyn,Renfri
Geralt,Renfri
Caldemeyn,Renfri
Geralt,Renfri
Geralt,Libushe
Caldemeyn,Renfri
Geralt,Renfri
Geralt,Libushe
Caldemeyn,Renfri
Geralt,Renfri
Geralt,Libushe
Geralt,Renfri
Geralt,Libushe
Geralt,Renfri
Geralt,Libushe
Geralt,Renfri
Geralt,Renfri
Geralt,Renfri
Geralt,Renfri
Geralt,Renfri
Geralt,Renfri
Geralt,Stregobor
Geralt,Stregobor
Geralt,Stregobor
Audoen,Stregobor
Audoen,Stregobor
Audoen,Stregobor
Audoen,Stregobor
Audoen,Renfri
Audoen,Renfri
Audoen,Renfri
Renfri,Stregobor
Renfri,Stregobor
Renfri,Stregobor
Renfri,Stregobor
Renfri,Stregobor
Renfri,Stregobor
Renfri,Stregobor
Renfri,Stregobor
Renfri,Stregobor
Renfri,Stregobor
Renfri,Stregobor
Renfri,Stregobor
Renfri,Stregobor
Geralt,Stregobor
Geralt,Stregobor
Geralt,Stregobor
Geralt,Stregobor
Renfri,Stregobor
Renfri,Stregobor
Renfri,Stregobor
Renfri,Stregobor
Geralt,Renfri
Geralt,Renfri
Geralt,Renfri
Geralt,Renfri
Geralt,Stregobor
Renfri,Stregobor
Geralt,Renfri
Geralt,Stregobor
Renfri,Stregobor
Geralt,Renfri
Geralt,Stregobor
Renfri,Stregobor
Renfri,Stregobor
Renfri,Stregobor
Renfri,Stregobor
Geralt,Renfri
Geralt,Renfri
Marilka,Renfri
Marilka,Renfri
Marilka,Renfri
Marilka,Renfri
Geralt,Marilka
Marilka,Renfri
Geralt,Marilka
Geralt,Marilka
Geralt,Marilka
Audoen,Geralt
Audoen,Geralt
Audoen,Geralt
Civril,Fifteen
Civril,Fifteen
Civril,Fifteen
Civril,Fifteen
Audoen,Caldemeyn
Audoen,Caldemeyn
Audoen,Caldemeyn
Caldemeyn,Renfri
Audoen,Caldemeyn
Caldemeyn,Renfri
Audoen,Caldemeyn
Caldemeyn,Renfri
Caldemeyn,Renfri
Audoen,Renfri
Audoen,Renfri
Civril,Fifteen
Civril,Fifteen
Fifteen,Tavik
Nohorn,Tavik
Fifteen,Tavik
Nohorn,Tavik
Fifteen,Tavik
Nohorn,Tavik
Fifteen,Tavik
Nohorn,Tavik
Nohorn,Tavik
Nohorn,Tavik
Fifteen,Renfri
Civril,Renfri
Fifteen,Renfri
Civril,Renfri
Civril,Nohorn
Civril,Renfri
Civril,Nohorn
Civril,Renfri
Civril,Nohorn
Civril,Renfri
Civril,Nohorn
Civril,Nohorn
Civril,Renfri
Civril,Nohorn
Civril,Nohorn
Civril,Nohorn
Civril,Fifteen
Civril,Fifteen
Civril,Fifteen
Civril,Fifteen
Civril,Fifteen
Civril,Geralt
Geralt,Tavik
Geralt,Tavik
Geralt,Tavik
Geralt,Tavik
Civril,Tavik
Geralt,Tavik
Civril,Tavik
Geralt,Tavik
Civril,Tavik
Civril,Geralt
Civril,Geralt
Geralt,Tavik
Geralt,Tavik
Geralt,Tavik
Geralt,Tavik
Fifteen,Tavik
Fifteen,Nohorn
Fifteen,Nohorn
Fifteen,Nohorn
Fifteen,Nohorn
Geralt,Renfri
Geralt,Renfri
Geralt,Renfri
Geralt,Renfri
Geralt,Renfri
Geralt,Renfri
Geralt,Renfri
Geralt,Renfri
Geralt,Renfri
Geralt,Stregobor
Geralt,Stregobor
Geralt,Stregobor
Geralt,Stregobor
Geralt,Stregobor
Geralt,Stregobor
Geralt,Stregobor
Geralt,Stregobor
Caldemeyn,Geralt
Caldemeyn,Geralt
Caldemeyn,Geralt
Drogodar,Two
Drogodar,Two
Drogodar,Two
Drogodar,Two
Drogodar,Two
Rainfarn,Two
Rainfarn,Two
Drogodar,Rainfarn
Drogodar,Rainfarn
Baron,Calanthe
Calanthe,Pavetta
Calanthe,Pavetta
Calanthe,Pavetta
Calanthe,Pavetta
Calanthe,Pavetta
Eist,Eist Tuirseach
Eist,Eist Tuirseach
Draig Bon-Dhu,Eist
Draig Bon-Dhu,Eist
Draig Bon-Dhu,Eist
Draig Bon-Dhu,Drogodar
Draig Bon-Dhu,Drogodar
Drogodar,Fodcat
Fodcat,Wieldhill
Draig Bon-Dhu,Drogodar
Drogodar,Fodcat
Fodcat,Wieldhill
Drogodar,Fodcat
Fodcat,Wieldhill
Drogodar,Fodcat
Fodcat,Wieldhill
Vissegerd,Wieldhill
Drogodar,Fodcat
Fodcat,Wieldhill
Vissegerd,Wieldhill
Fodcat,Wieldhill
Vissegerd,Wieldhill
Crach,Vissegerd
Crach,Geralt
Calanthe,Cerro
Calanthe,Cerro
Drogodar,Geralt
Drogodar,Geralt
Drogodar,Geralt
Drogodar,Geralt
Eist Tuirseach,Windhalm of Attre
Eist Tuirseach,Vissegerd
Eist Tuirseach,Windhalm of Attre
Eist Tuirseach,Vissegerd
Eist Tuirseach,Windhalm of Attre
Eist Tuirseach,Vissegerd
Eist Tuirseach,Windhalm of Attre
Eist Tuirseach,Vissegerd
Eist Tuirseach,Vissegerd
Eist Tuirseach,Vissegerd
Draig Bon-Dhu,Vissegerd
Draig Bon-Dhu,Geralt
Draig Bon-Dhu,Geralt
Draig Bon-Dhu,Geralt
Draig Bon-Dhu,Geralt
Draig Bon-Dhu,Eist
Draig Bon-Dhu,Geralt
Draig Bon-Dhu,Eist
Draig Bon-Dhu,Geralt
Draig Bon-Dhu,Eist
Draig Bon-Dhu,Geralt
Draig Bon-Dhu,Eist
Draig Bon-Dhu,Eist
Draig Bon-Dhu,Eist
Eist,Eist Tuirseach
Pavetta,Vissegerd
Pavetta,Vissegerd
Eist,Geralt
Eist,Geralt
Eist,Geralt
Eist,Geralt
Eist,Vissegerd
Mousesack,Vissegerd
Mousesack,Pavetta
Eist,Vissegerd
Mousesack,Vissegerd
Mousesack,Pavetta
Eist,Vissegerd
Mousesack,Vissegerd
Mousesack,Pavetta
Eist,Vissegerd
Mousesack,Vissegerd
Mousesack,Pavetta
Eist,Vissegerd
Mousesack,Vissegerd
Mousesack,Pavetta
Eist,Vissegerd
Mousesack,Vissegerd
Mousesack,Pavetta
Mousesack,Vissegerd
Mousesack,Vissegerd
Mousesack,Vissegerd
Geralt,Roegner
Geralt,Roegner
Geralt,Mousesack
Geralt,Roegner
Geralt,Mousesack
Geralt,Roegner
Geralt,Mousesack
Geralt,Mousesack
Geralt,Mousesack
Mousesack,Pavetta
Mousesack,Pavetta
Pavetta,Wieldhill
Pavetta,Wieldhill
Pavetta,Wieldhill
Vissegerd,Wieldhill
Vissegerd,Wieldhill
Draig Bon-Dhu,Pavetta
Draig Bon-Dhu,Pavetta
Eist Tuirseach,Pavetta
Eist Tuirseach,Pavetta
Eist Tuirseach,Pavetta
Crach,Roegner
Crach,Rainfarn
Crach,Roegner
Crach,Rainfarn
Crach,Roegner
Crach,Rainfarn
Pavetta,Rainfarn
Crach,Roegner
Crach,Rainfarn
Pavetta,Rainfarn
Crach,Roegner
Crach,Rainfarn
Pavetta,Rainfarn
Crach,Rainfarn
Pavetta,Rainfarn
Supree,Zatret Voruta
Supree,Zatret Voruta
Rumplestelt,Supree
Supree,Zatret Voruta
Rumplestelt,Supree
Supree,Zatret Voruta
Rumplestelt,Supree
Rumplestelt,Supree
Rumplestelt,Supree
Geralt,Pavetta
Geralt,Pavetta
Geralt,Pavetta
Geralt,Pavetta
Geralt,Pavetta
Eist,Rainfarn
Eist,Rainfarn
Eist,Rainfarn
Eist,Rainfarn
Eist,Rainfarn
Geralt,Ravix
Geralt,Ravix
Geralt,Ravix
Rainfarn,Ravix
Geralt,Ravix
Rainfarn,Ravix
Eist Tuirseach,Rainfarn
Geralt,Ravix
Rainfarn,Ravix
Eist Tuirseach,Rainfarn
Rainfarn,Ravix
Eist Tuirseach,Rainfarn
Eist Tuirseach,Rainfarn
Eist Tuirseach,Geralt
Eist Tuirseach,Rainfarn
Eist Tuirseach,Geralt
Eist Tuirseach,Geralt
Draig Bon-Dhu,Rainfarn
Draig Bon-Dhu,Rainfarn
Draig Bon-Dhu,Rainfarn
Eist Tuirseach,Rainfarn
Eist Tuirseach,Rainfarn
Pavetta,Rainfarn
Pavetta,Rainfarn
Pavetta,Rainfarn
Pavetta,Rainfarn
Pavetta,Rainfarn
Pavetta,Rainfarn
Pavetta,Rainfarn
Pavetta,Rainfarn
Pavetta,Rainfarn
Eist,Eist Tuirseach
Eist,Eist Tuirseach
Crach,Geralt
Crach,Geralt
Crach,Fodcat
Drogodar,Fodcat
Crach,Geralt
Crach,Fodcat
Drogodar,Fodcat
Crach,Geralt
Crach,Fodcat
Drogodar,Fodcat
Crach,Geralt
Crach,Fodcat
Drogodar,Fodcat
Crach,Fodcat
Drogodar,Fodcat
Drogodar,Fodcat
Geralt,Two
Geralt,Two
Geralt,Two
Geralt,Two
Geralt,Two
Geralt,Pavetta
Geralt,Pavetta
Geralt,Pavetta
Geralt,Pavetta
Geralt,Pavetta
Rainfarn,Windhalm of Attre
Rainfarn,Windhalm of Attre
Rainfarn,Windhalm of Attre
Rainfarn,Wieldhill
Rainfarn,Windhalm of Attre
Rainfarn,Wieldhill
Rainfarn,Windhalm of Attre
Rainfarn,Wieldhill
Rainfarn,Windhalm of Attre
Rainfarn,Wieldhill
Pavetta,Wieldhill
Pavetta,Wieldhill
Pavetta,Wieldhill
Adalia,Geralt
Adalia,Geralt
Adalia,Geralt
Adalia,Geralt
Adalia,Geralt
Adalia,Geralt
Adalia,Geralt
Adalia,Geralt
Eist Tuirseach,Pavetta
Eist Tuirseach,Pavetta
Eist Tuirseach,Pavetta
Eist,Pavetta
Eist Tuirseach,Pavetta
Eist,Pavetta
Eist,Pavetta
Eist,Pavetta
Eist,Pavetta
Eist,Pavetta
Geralt,Pavetta
Geralt,Pavetta
Geralt,Pavetta
Geralt,Pavetta
Geralt,Pavetta
Geralt,Pavetta
Geralt,Pavetta
Geralt,Rainfarn
Geralt,Rainfarn
Geralt,Rainfarn
Geralt,Rainfarn
Geralt,Roderick de Novembre
Geralt,Roderick de Novembre
Geralt,Roderick de Novembre
Geralt,Millet
Geralt,Millet
Geralt,Nan
Geralt,Nan
Geralt,Nan
Geralt,Nan
Geralt,Nan
Geralt,Nan
Geralt,Nan
Geralt,Nan
Geralt,Nan
Geralt,Nan
Dhun,Geralt
Dhun,Geralt
Dhun,Geralt
Dhun,Geralt
Dhun,Geralt
Dhun,Geralt
Dhun,Geralt
Dhun,Geralt
Dhun,Geralt
Dhun,Geralt
Dhun,Geralt
Dhun,Geralt
Dhun,Geralt
Dhun,Geralt
Dhun,Geralt
Dhun,Geralt
Dhun,Geralt
Dhun,Geralt
Dhun,Geralt
Dhun,Geralt
Dhun,Geralt
Dhun,Geralt
Dhun,Geralt
Dhun,Geralt
Dhun,Lille
Dhun,Lille
Dhun,Geralt
Dhun,Nettly
Dhun,Nettly
Dhun,Geralt
Dhun,Nettly
Dhun,Nettly
Dhun,Geralt
Dhun,Nettly
Dhun,Nettly
Dhun,Geralt
Dhun,Nettly
Dhun,Nettly
Dhun,Lille
Dhun,Geralt
Dhun,Nettly
Dhun,Nettly
Dhun,Lille
Dhun,Geralt
Dhun,Nettly
Dhun,Nettly
Dhun,Lille
Geralt,Lille
Geralt,Lille
Geralt,Lille
Geralt,Lille
Geralt,Lille
Geralt,Lille
Geralt,Lille
Geralt,Lille
Geralt,Lille
Geralt,Lille
Geralt,Lille
Geralt,Lille
Dhun,Geralt
Dhun,Geralt
Dhun,Geralt
Dhun,Geralt
Dhun,Geralt
Dhun,Geralt
Dhun,Lille
Dhun,Lille
Dhun,Lille
Dhun,Lille
Dhun,Lille
Dhun,Lille
Dhun,Lille
Dhun,Lille
Dhun,Lille
Dhun,Lille
Dhun,Lille
Dhun,Lille
Dhun,Lille
Dhun,Lille
Dhun,Geralt
Dhun,Geralt
Dhun,Geralt
Dhun,Geralt
Dhun,Geralt
Dhun,Geralt
Dhun,Geralt
Dhun,Geralt
Dhun,Geralt
Dhun,Geralt
Dhun,Geralt
Dhun,Geralt
Dhun,Geralt
Dhun,Geralt
Dhun,Geralt
Dhun,Geralt
Dhun,Geralt
Dhun,Geralt
Dhun,Lille
Dhun,Lille
Dhun,Lille
Geralt,Lille
Geralt,Lille
Geralt,Lille
Geralt,Lille
Dhun,Geralt
Dhun,Geralt
Dhun,Geralt
Dhun,Lille
Dhun,Lille
Dhun,Lille
Dhun,Lille
Dhun,Lille
Geralt,Lille
Geralt,Lille
Geralt,Lille
Geralt,Lille
Geralt,Lille
Geralt,Lille
Geralt,Lille
Dhun,Lille
Dhun,Lille
Dhun,Lille
Dhun,Geralt
Dhun,Geralt
Dhun,Geralt
Dhun,Geralt
Galarr,Torque
Galarr,Torque
Galarr,Torque
Galarr,Torque
Galarr,Torque
Galarr,Torque
Galarr,Torque
Galarr,Torque
Galarr,Torque
Galarr,Torque
Galarr,Torque
Galarr,Torque
Filavandrel,Galarr
Filavandrel,Galarr
Filavandrel,Galarr
Filavandrel,Galarr
Filavandrel,Galarr
Geralt,Vanadain
Geralt,Vanadain
Geralt,Vanadain
Geralt,Vanadain
Toruviel,Vanadain
Geralt,Vanadain
Toruviel,Vanadain
Geralt,Toruviel
Toruviel,Vanadain
Geralt,Toruviel
Geralt,Toruviel
Geralt,Toruviel
Geralt,Toruviel
Galarr,Toruviel
Galarr,Toruviel
Galarr,Toruviel
Galarr,Toruviel
Galarr,Toruviel
Galarr,Toruviel
Galarr,Toruviel
Galarr,Toruviel
Galarr,Toruviel
Torque,Toruviel
Torque,Toruviel
Torque,Toruviel
Torque,Vanadain
Torque,Toruviel
Torque,Vanadain
Torque,Toruviel
Torque,Vanadain
Torque,Vanadain
Galarr,Vanadain
Galarr,Vanadain
Galarr,Vanadain
Geralt,Toruviel
Geralt,Toruviel
Geralt,Toruviel
Geralt,Toruviel
Geralt,Toruviel
Geralt,Torque
Geralt,Torque
Geralt,Torque
Filavandrel,Toruviel
Filavandrel,Toruviel
Filavandrel,Toruviel
Filavandrel,Toruviel
Filavandrel,Toruviel
Filavandrel,Toruviel
Filavandrel,Toruviel
Filavandrel,Toruviel
Torque,Toruviel
Torque,Toruviel
Torque,Toruviel
Torque,Toruviel
Filavandrel,Torque
Filavandrel,Torque
Filavandrel,Torque
Filavandrel,Torque
Filavandrel,Torque
Filavandrel,Torque
Filavandrel,Torque
Filavandrel,Torque
Geralt,Torque
Geralt,Torque
Geralt,Torque
Geralt,Torque
Geralt,Torque
Geralt,Torque
Filavandrel,Toruviel
Filavandrel,Toruviel
Filavandrel,Toruviel
Filavandrel,Toruviel
Filavandrel,Toruviel
Filavandrel,Lille
Filavandrel,Toruviel
Filavandrel,Lille
Filavandrel,Toruviel
Filavandrel,Lille
Lille,Torque
Filavandrel,Toruviel
Filavandrel,Lille
Lille,Torque
Filavandrel,Lille
Lille,Torque
Lille,Torque
Filavandrel,Torque
Filavandrel,Torque
Filavandrel,Torque
Filavandrel,Toruviel
Filavandrel,Toruviel
Filavandrel,Toruviel
Filavandrel,Toruviel
Filavandrel,Toruviel
Filavandrel,Toruviel
Filavandrel,Geralt
Filavandrel,Geralt
Filavandrel,Geralt
Filavandrel,Geralt
Filavandrel,Geralt
Filavandrel,Geralt
Geralt,Toruviel
Geralt,Toruviel
Geralt,Toruviel
Geralt,Toruviel
Geralt,Torque
Geralt,Torque
Geralt,Torque
Geralt,Torque
Geralt,Lille
Geralt,Lille
Geralt,Lille
Geralt,Lille
Geralt,Lille
Geralt,Lille
Geralt,Nenneke
Geralt,Nenneke
Geralt,Nenneke
Geralt,Nenneke
Geralt,Nenneke
Geralt,Nenneke
Geralt,Nenneke
Nenneke,Two
Nenneke,Two
Nenneke,Two
Nenneke,Two
Nenneke,Two
Nenneke,Two
Nenneke,Two
Nenneke,Two
Nenneke,Yennefer
Nenneke,Yennefer
Nenneke,Yennefer
Nenneke,Yennefer
Nenneke,Yennefer
Nenneke,Yennefer
Nenneke,Yennefer
Geralt,Yennefer
Geralt,Nenneke
Geralt,Yennefer
Geralt,Nenneke
Geralt,Nenneke
Geralt,Nenneke
Geralt,Nenneke
Geralt,Nenneke
Iola,Nenneke
Iola,Nenneke
Iola,Nenneke
Geralt,Yennefer
Geralt,Yennefer
Geralt,Yennefer
Til,Yennefer
Til,Yennefer
Til,Yennefer
Til,Yennefer
Til,Yennefer
Til,Yennefer
Geralt,Nenneke
Geralt,Nenneke
Geralt,Nenneke
Geralt,Nenneke
Geralt,Nenneke
Valdo Marx,Virginia
Valdo Marx,Virginia
Valdo Marx,Virginia
Valdo Marx,Virginia
Valdo Marx,Virginia
Two,Virginia
Two,Virginia
Geralt,Vratimir
Geralt,Vratimir
Geralt,Vratimir
Geralt,Vratimir
Geralt,Vratimir
Geralt,Vratimir
Geralt,Vratimir
Geralt,Vratimir
Geralt,Vratimir
Geralt,Vratimir
Chireadan,Vratimir
Chireadan,Vratimir
Chireadan,Vratimir
Chireadan,Vratimir
Chireadan,Vratimir
Chireadan,Vratimir
Chireadan,Geralt
Chireadan,Geralt
Chireadan,Geralt
Chireadan,Geralt
Chireadan,Geralt
Chireadan,Geralt
Chireadan,Geralt
Chireadan,Geralt
Chireadan,Geralt
Geralt,Vratimir
Geralt,Vratimir
Geralt,Vratimir
Chireadan,Errdil
Chireadan,Errdil
Chireadan,Errdil
Chireadan,Errdil
Chireadan,Errdil
Chireadan,Errdil
Chireadan,Errdil
Chireadan,Errdil
Chireadan,Errdil
Chireadan,Geralt
Chireadan,Geralt
Chireadan,Geralt
Chireadan,Geralt
Beau Berrant,Geralt
Beau Berrant,Geralt
Beau Berrant,Chireadan
Beau Berrant,Geralt
Beau Berrant,Chireadan
Beau Berrant,Geralt
Beau Berrant,Chireadan
Beau Berrant,Geralt
Beau Berrant,Chireadan
Beau Berrant,Chireadan
Chireadan,Errdil
Chireadan,Errdil
Chireadan,Yennefer
Chireadan,Yennefer
Chireadan,Yennefer
Chireadan,Yennefer
Cerberus,Geralt
Cerberus,Geralt
Cerberus,Geralt
Cerberus,Geralt
Cerberus,Geralt
Geralt,Yennefer
Geralt,Yennefer
Geralt,Yennefer
Geralt,Yennefer
Geralt,Yennefer
Geralt,Yennefer
Geralt,Yennefer
Geralt,Yennefer
Geralt,Yennefer
Geralt,Yennefer
Geralt,Triss
Valdo Marx,Yennefer
Valdo Marx,Yennefer
Valdo Marx,Yennefer
Geralt,Yennefer
Geralt,Yennefer
Errdil,Yennefer
Chireadan,Errdil
Chireadan,Errdil
Chireadan,Errdil
Chireadan,Errdil
Chireadan,Geralt
Vratimir,Yennefer
Vratimir,Yennefer
Vratimir,Yennefer
Vratimir,Yennefer
Vratimir,Yennefer
Chireadan,Yennefer
Chireadan,Yennefer
Chireadan,Yennefer
Chireadan,Yennefer
Chireadan,Yennefer
Chireadan,Geralt
Chireadan,Geralt
Chireadan,Geralt
Chireadan,Geralt
Chireadan,Geralt
Chireadan,Geralt
Geralt,Yennefer
Geralt,Yennefer
Geralt,Yennefer
Geralt,Yennefer
Geralt,Yennefer
Geralt,Yennefer
Virginia,Yennefer
Chireadan,Yennefer
Chireadan,Yennefer
Chireadan,Yennefer
Chireadan,Yennefer
Chireadan,Yennefer
Chireadan,Yennefer
Beau,Beau Berrant
Beau Berrant,Chireadan
Beau,Beau Berrant
Beau Berrant,Chireadan
Beau Berrant,Chireadan
Chireadan,Yennefer
Beau Berrant,Chireadan
Chireadan,Yennefer
Beau Berrant,Chireadan
Chireadan,Yennefer
Beau Berrant,Chireadan
Chireadan,Yennefer
Beau,Yennefer
Beau,Yennefer
Beau,Yennefer
Beau,Chireadan
Beau,Yennefer
Beau,Chireadan
Beau,Chireadan
Beau,Chireadan
Chireadan,Yennefer
Chireadan,Yennefer
Chireadan,Yennefer
Geralt,Yennefer
Geralt,Yennefer
Geralt,Yennefer
Geralt,Yennefer
Geralt,Yennefer
Chireadan,Vratimir
Chireadan,Vratimir
Chireadan,Vratimir
Chireadan,Vratimir
Chireadan,Geralt
Chireadan,Geralt
Chireadan,Geralt
Errdil,Geralt
Errdil,Vratimir
Errdil,Geralt
Errdil,Vratimir
Laurelnose,Vratimir
Errdil,Geralt
Errdil,Vratimir
Laurelnose,Vratimir
Errdil,Vratimir
Laurelnose,Vratimir
Errdil,Vratimir
Laurelnose,Vratimir
Errdil,Vratimir
Laurelnose,Vratimir
Chireadan,Laurelnose
Chireadan,Laurelnose
Chireadan,Laurelnose
Chireadan,Laurelnose
Geralt,Laurelnose
Geralt,Laurelnose
Geralt,Laurelnose
Geralt,Laurelnose
Geralt,Laurelnose
Geralt,Laurelnose
Laurelnose,Yennefer
Geralt,Laurelnose
Laurelnose,Yennefer
Geralt,Laurelnose
Laurelnose,Yennefer
Laurelnose,Yennefer
Laurelnose,Yennefer
Krepp,Yennefer
Krepp,Yennefer
Krepp,Yennefer
Krepp,Yennefer
Geralt,Yennefer
Krepp,Yennefer
Geralt,Yennefer
Krepp,Yennefer
Geralt,Yennefer
Chireadan,Neville
Chireadan,Neville
Chireadan,Neville
Chireadan,Neville
Chireadan,Laurelnose
Chireadan,Neville
Chireadan,Laurelnose
Chireadan,Neville
Chireadan,Laurelnose
Chireadan,Laurelnose
Chireadan,Laurelnose
Chireadan,Laurelnose
Chireadan,Laurelnose
Chireadan,Geralt
Chireadan,Geralt
Chireadan,Geralt
Chireadan,Geralt
Chireadan,Geralt
Chireadan,Geralt
Chireadan,Geralt
Chireadan,Yennefer
Chireadan,Geralt
Chireadan,Yennefer
Chireadan,Yennefer
Chireadan,Yennefer
Chireadan,Yennefer
Chireadan,Yennefer
Geralt,Two
Geralt,Two
Geralt,Two
Geralt,Two
Geralt,Two
Geralt,Two
Chireadan,Neville
Chireadan,Neville
Chireadan,Neville
Chireadan,Neville
Chireadan,Neville
Chireadan,Yennefer
Chireadan,Yennefer
Chireadan,Yennefer
Krepp,Yennefer
Chireadan,Yennefer
Krepp,Yennefer
Chireadan,Yennefer
Krepp,Yennefer
Krepp,Yennefer
Laurelnose,Yennefer
Krepp,Yennefer
Krepp,Yennefer
Laurelnose,Yennefer
Krepp,Yennefer
Laurelnose,Yennefer
Krepp,Yennefer
Laurelnose,Yennefer
Laurelnose,Yennefer
Laurelnose,Neville
Krepp,Neville
Laurelnose,Yennefer
Laurelnose,Neville
Krepp,Neville
Laurelnose,Neville
Krepp,Neville
Laurelnose,Neville
Krepp,Neville
Krepp,Neville
Krepp,Neville
Geralt,Krepp
Chireadan,Geralt
Geralt,Krepp
Chireadan,Geralt
Chireadan,Geralt
Chireadan,Geralt
Chireadan,Geralt
Chireadan,Geralt
Neville,Yennefer
Krepp,Yennefer
Neville,Yennefer
Krepp,Yennefer
Neville,Yennefer
Krepp,Yennefer
Neville,Yennefer
Krepp,Yennefer
Neville,Yennefer
Krepp,Yennefer
Krepp,Yennefer
Krepp,Neville
Krepp,Neville
Krepp,Neville
Neville,Yennefer
Krepp,Neville
Neville,Yennefer
Krepp,Neville
Neville,Yennefer
Krepp,Neville
Neville,Yennefer
Neville,Yennefer
Neville,Yennefer
Neville,Yennefer
Geoffrey Monck,Geralt
Geoffrey Monck,Geralt
Geoffrey Monck,Geralt
Geoffrey Monck,Krepp
Geoffrey Monck,Geralt
Geoffrey Monck,Krepp
Geoffrey Monck,Geralt
Geoffrey Monck,Krepp
Geoffrey Monck,Geralt
Geoffrey Monck,Krepp
Geralt,Krepp
Geralt,Krepp
Geralt,Krepp
Geralt,Krepp
Geralt,Krepp
Geralt,Krepp
Geralt,Yennefer
Geralt,Yennefer
Geralt,Yennefer
Geralt,Yennefer
Krepp,Neville
Krepp,Neville
Geralt,Krepp
Geralt,Krepp
Geralt,Krepp
Geralt,Krepp
Geralt,Krepp
Geralt,Krepp
Geralt,Neville
Geralt,Neville
Laurelnose,Neville
Laurelnose,Neville
Krepp,Yennefer
Neville,Yennefer
Neville,Yennefer
Neville,Yennefer
Neville,Yennefer
Neville,Yennefer
Chireadan,Krepp
Chireadan,Krepp
Chireadan,Krepp
Chireadan,Krepp
Chireadan,Krepp
Eskel,Vesemir
Eskel,Vesemir
Eskel,Vesemir
Errdil,Vesemir
Eskel,Vesemir
Errdil,Vesemir
Eskel,Vesemir
Errdil,Vesemir
Errdil,Vesemir
Krepp,Neville
Krepp,Neville
Krepp,Neville
Krepp,Neville
Krepp,Neville
Krepp,Neville
Chireadan,Krepp
Chireadan,Krepp
Chireadan,Krepp
Chireadan,Krepp
Chireadan,Krepp
Krepp,Neville
Krepp,Neville
Krepp,Neville
Krepp,Neville
Chireadan,Neville
Geralt,Krepp
Geralt,Krepp
Geralt,Krepp
Geralt,Krepp
Geralt,Krepp
Geralt,Krepp
Geralt,Krepp
Geralt,Krepp
Geralt,Krepp
Geralt,Krepp
Geralt,Krepp
Errdil,Yennefer
Errdil,Yennefer
Errdil,Yennefer
Errdil,Yennefer
Errdil,Yennefer
Errdil,Yennefer
Geralt,Yennefer
Geralt,Yennefer
Geralt,Yennefer
Geralt,Yennefer
Geralt,Yennefer
Errdil,Yennefer
Errdil,Yennefer
Errdil,Yennefer
Krepp,Neville
Krepp,Neville
Krepp,Neville
Krepp,Neville
Errdil,Geralt
Errdil,Geralt
Errdil,Geralt
Errdil,Geralt
Geralt,Yennefer
Geralt,Yennefer
Geralt,Yennefer
Chireadan,Neville
Chireadan,Neville
Geralt,Krepp
Geralt,Krepp
Errdil,Krepp
Errdil,Krepp
Geralt,Neville
Geralt,Neville
Geralt,Neville
Geralt,Neville
Geralt,Neville
Geralt,Neville
Geralt,Yennefer
Geralt,Yennefer
Geralt,Yennefer
Geralt,Yennefer
Geralt,Yennefer
Geralt,Yennefer
Geralt,Yennefer
Geralt,Yennefer
Geralt,Yennefer
Geralt,Yennefer
Krepp,Vratimir
Krepp,Vratimir
Krepp,Vratimir
Krepp,Vratimir
Krepp,Yennefer
Krepp,Yennefer
Krepp,Yennefer
Krepp,Yennefer
Krepp,Yennefer
Errdil,Krepp
Krepp,Yennefer
Errdil,Krepp
Errdil,Krepp
Chireadan,Errdil
Errdil,Krepp
Chireadan,Errdil
Errdil,Krepp
Chireadan,Errdil
Chireadan,Errdil
Chireadan,Yennefer
Errdil,Yennefer
Errdil,Yennefer
Errdil,Yennefer
Chireadan,Errdil
Chireadan,Errdil
Falwick,Geralt
Falwick,Geralt
Falwick,Geralt
Falwick,Geralt
Falwick,Geralt
Falwick,Geralt
Falwick,Geralt
Falwick,Geralt
Falwick,Geralt
Falwick,Geralt
Falwick,Geralt
Falwick,Geralt
Falwick,Geralt
Falwick,Geralt
Count,Geralt
Count,Geralt
Dennis Cranmer,Geralt
Count,Geralt
Dennis Cranmer,Geralt
Count,Geralt
Dennis Cranmer,Geralt
Dennis Cranmer,Geralt
Dennis Cranmer,Geralt
Dennis Cranmer,Falwick
Dennis Cranmer,Falwick
Dennis Cranmer,Geralt
Dennis Cranmer,Geralt
Dennis Cranmer,Geralt
Dennis Cranmer,Geralt
Falwick,Geralt
Falwick,Geralt
Falwick,Nenneke
Falwick,Nenneke
Dennis Cranmer,Falwick
Dennis Cranmer,Falwick
Dennis Cranmer,Falwick
Count,Dennis Cranmer
Count,Dennis Cranmer
Count,Dennis Cranmer
Count,Dennis Cranmer
Count,Dennis Cranmer
Count,Falwick
Count,Falwick
Count,Falwick
Count,Falwick
Count,Falwick
Count,Falwick
Count,Falwick
Count,Falwick
Count,Falwick
Falwick,Geralt
Count,Falwick
Falwick,Geralt
Falwick,Geralt
Falwick,Geralt
Dennis,Geralt
Falwick,Geralt
Dennis,Geralt
Falwick,Geralt
Dennis,Geralt
Dennis,Geralt
Dennis,Geralt
Dennis,Geralt
Falwick,Geralt
Falwick,Geralt
Falwick,Geralt
Falwick,Geralt
Falwick,Geralt
Falwick,Geralt
Falwick,Geralt
Falwick,Geralt
Falwick,Geralt
Falwick,Geralt
Count,Falwick
Falwick,Geralt
Count,Falwick
Falwick,Geralt
Count,Falwick
Falwick,Geralt
Count,Falwick
Count,Dennis
Dennis,Geralt
Dennis,Geralt
Dennis,Geralt
Dennis,Geralt
Dennis,Geralt
Dennis,Geralt
Dennis,Geralt
Geralt,Nenneke
Geralt,Nenneke
Iola,Nenneke
Iola,Nenneke
Iola,Nenneke
Iola,Nenneke
Iola,Nenneke
