affairs,affair_status,gender,age,yearsmarried,children,religiousness,education,occupation,rating,region,frequentflyer,income_level
0.0,No,male,37,10.0,no,3.0,18.0,7.0,4.0,urban,yes,"150000 - 200,000"
0.0,No,female,27,4.0,no,4.0,14.0,6.0,4.0,rural,no,"150000 - 200,000"
0.0,No,female,32,15.0,yes,1.0,12.0,1.0,4.0,rural,no,Under 25000
0.0,No,male,57,15.0,yes,5.0,18.0,6.0,5.0,rural,yes,"75,000 - 100000"
0.0,No,male,22,0.75,no,2.0,17.0,6.0,3.0,rural,yes,"75,000 - 100000"
0.0,No,female,32,1.5,no,2.0,17.0,5.0,5.0,urban,no,50000 - 75000
0.0,No,female,22,0.75,no,2.0,12.0,1.0,3.0,urban,yes,50000 - 75000
0.0,No,male,57,15.0,yes,2.0,14.0,4.0,4.0,rural,yes,200000 or more
0.0,No,female,32,15.0,yes,4.0,16.0,1.0,2.0,rural,no,50000 - 75000
0.0,No,male,22,1.5,no,4.0,14.0,4.0,5.0,urban,yes,"75,000 - 100000"
0.0,No,male,37,15.0,yes,2.0,20.0,7.0,2.0,rural,no,200000 or more
0.0,No,male,27,4.0,yes,4.0,18.0,6.0,4.0,rural,yes,"150000 - 200,000"
0.0,No,male,47,15.0,yes,5.0,17.0,6.0,4.0,urban,no,100000 - 150000
0.0,No,female,22,1.5,no,2.0,17.0,5.0,4.0,urban,no,"150000 - 200,000"
0.0,No,female,27,4.0,no,4.0,14.0,5.0,4.0,rural,yes,200000 or more
0.0,No,female,37,15.0,yes,1.0,17.0,5.0,5.0,urban,no,"150000 - 200,000"
0.0,No,female,37,15.0,yes,2.0,18.0,4.0,3.0,rural,yes,50000 - 75000
0.0,No,female,22,0.75,no,3.0,16.0,5.0,4.0,rural,no,Under 25000
0.0,No,female,22,1.5,no,2.0,16.0,5.0,5.0,rural,yes,Under 25000
0.0,No,female,27,10.0,yes,2.0,14.0,1.0,5.0,urban,yes,Under 25000
0.0,No,female,22,1.5,no,2.0,16.0,5.0,5.0,urban,no,100000 - 150000
0.0,No,female,22,1.5,no,2.0,16.0,5.0,5.0,urban,no,50000 - 75000
0.0,No,female,27,10.0,yes,4.0,16.0,5.0,4.0,rural,no,"75,000 - 100000"
0.0,No,female,32,10.0,yes,3.0,14.0,1.0,5.0,urban,no,50000 - 75000
0.0,No,male,37,4.0,yes,2.0,20.0,6.0,4.0,urban,no,Under 25000
0.0,No,female,22,1.5,no,2.0,18.0,5.0,5.0,rural,no,"75,000 - 100000"
0.0,No,female,27,7.0,no,4.0,16.0,1.0,5.0,urban,no,25000 - 50000
0.0,No,male,42,15.0,yes,5.0,20.0,6.0,4.0,urban,yes,100000 - 150000
0.0,No,male,27,4.0,yes,3.0,16.0,5.0,5.0,rural,yes,200000 or more
0.0,No,female,27,4.0,yes,3.0,17.0,5.0,4.0,urban,yes,"75,000 - 100000"
0.0,No,male,42,15.0,yes,4.0,20.0,6.0,3.0,urban,yes,25000 - 50000
0.0,No,female,22,1.5,no,3.0,16.0,5.0,5.0,rural,no,"75,000 - 100000"
0.0,No,male,27,0.417,no,4.0,17.0,6.0,4.0,urban,yes,200000 or more
0.0,No,female,42,15.0,yes,5.0,14.0,5.0,4.0,rural,yes,50000 - 75000
0.0,No,male,32,4.0,yes,1.0,18.0,6.0,4.0,rural,yes,"150000 - 200,000"
0.0,No,female,22,1.5,no,4.0,16.0,5.0,3.0,rural,no,50000 - 75000
0.0,No,female,42,15.0,yes,3.0,12.0,1.0,4.0,rural,no,200000 or more
0.0,No,female,22,4.0,no,4.0,17.0,5.0,5.0,urban,yes,"150000 - 200,000"
0.0,No,male,22,1.5,yes,1.0,14.0,3.0,5.0,rural,yes,"75,000 - 100000"
0.0,No,female,22,0.75,no,3.0,16.0,1.0,5.0,rural,no,100000 - 150000
0.0,No,male,32,10.0,yes,5.0,20.0,6.0,5.0,urban,yes,100000 - 150000
0.0,No,male,52,15.0,yes,5.0,18.0,6.0,3.0,rural,no,50000 - 75000
0.0,No,female,22,0.417,no,5.0,14.0,1.0,4.0,rural,no,200000 or more
0.0,No,female,27,4.0,yes,2.0,18.0,6.0,1.0,urban,yes,"75,000 - 100000"
0.0,No,female,32,7.0,yes,5.0,17.0,5.0,3.0,urban,yes,"150000 - 200,000"
0.0,No,male,22,4.0,no,3.0,16.0,5.0,5.0,urban,yes,100000 - 150000
0.0,No,female,27,7.0,yes,4.0,18.0,6.0,5.0,rural,no,25000 - 50000
0.0,No,female,42,15.0,yes,2.0,18.0,5.0,4.0,urban,no,25000 - 50000
0.0,No,male,27,1.5,yes,4.0,16.0,3.0,5.0,rural,yes,25000 - 50000
0.0,No,male,42,15.0,yes,2.0,20.0,6.0,4.0,urban,yes,25000 - 50000
0.0,No,female,22,0.75,no,5.0,14.0,3.0,5.0,rural,yes,50000 - 75000
0.0,No,male,32,7.0,yes,2.0,20.0,6.0,4.0,rural,yes,100000 - 150000
0.0,No,male,27,4.0,yes,5.0,20.0,6.0,5.0,rural,yes,"75,000 - 100000"
0.0,No,male,27,10.0,yes,4.0,20.0,6.0,4.0,urban,yes,"75,000 - 100000"
0.0,No,male,22,4.0,no,1.0,18.0,5.0,5.0,urban,no,Under 25000
0.0,No,female,37,15.0,yes,4.0,14.0,3.0,1.0,urban,no,100000 - 150000
0.0,No,male,22,1.5,yes,5.0,16.0,4.0,4.0,rural,no,Under 25000
0.0,No,female,37,15.0,yes,4.0,17.0,1.0,5.0,rural,no,100000 - 150000
0.0,No,female,27,0.75,no,4.0,17.0,5.0,4.0,urban,yes,100000 - 150000
0.0,No,male,32,10.0,yes,4.0,20.0,6.0,4.0,rural,no,50000 - 75000
0.0,No,female,47,15.0,yes,5.0,14.0,7.0,2.0,rural,no,100000 - 150000
0.0,No,male,37,10.0,yes,3.0,20.0,6.0,4.0,rural,no,Under 25000
0.0,No,female,22,0.75,no,2.0,16.0,5.0,5.0,rural,no,50000 - 75000
0.0,No,male,27,4.0,no,2.0,18.0,4.0,5.0,urban,yes,25000 - 50000
0.0,No,male,32,7.0,no,4.0,20.0,6.0,4.0,urban,no,25000 - 50000
0.0,No,male,42,15.0,yes,2.0,17.0,3.0,5.0,rural,yes,"150000 - 200,000"
0.0,No,male,37,10.0,yes,4.0,20.0,6.0,4.0,urban,yes,"75,000 - 100000"
0.0,No,female,47,15.0,yes,3.0,17.0,6.0,5.0,urban,no,Under 25000
0.0,No,female,22,1.5,no,5.0,16.0,5.0,5.0,urban,no,100000 - 150000
0.0,No,female,27,1.5,no,2.0,16.0,6.0,4.0,urban,no,Under 25000
0.0,No,female,27,4.0,no,3.0,17.0,5.0,5.0,rural,no,100000 - 150000
0.0,No,female,32,10.0,yes,5.0,14.0,4.0,5.0,urban,no,100000 - 150000
0.0,No,female,22,0.125,no,2.0,12.0,5.0,5.0,rural,yes,100000 - 150000
0.0,No,male,47,15.0,yes,4.0,14.0,4.0,3.0,rural,no,50000 - 75000
0.0,No,male,32,15.0,yes,1.0,14.0,5.0,5.0,urban,no,100000 - 150000
0.0,No,male,27,7.0,yes,4.0,16.0,5.0,5.0,rural,yes,50000 - 75000
0.0,No,female,22,1.5,yes,3.0,16.0,5.0,5.0,rural,no,25000 - 50000
0.0,No,male,27,4.0,yes,3.0,17.0,6.0,5.0,rural,no,50000 - 75000
0.0,No,female,22,1.5,no,3.0,16.0,5.0,5.0,rural,yes,"150000 - 200,000"
0.0,No,male,57,15.0,yes,2.0,14.0,7.0,2.0,urban,no,25000 - 50000
0.0,No,male,17,1.5,yes,3.0,18.0,6.0,5.0,rural,no,Under 25000
0.0,No,male,57,15.0,yes,4.0,20.0,6.0,5.0,rural,yes,25000 - 50000
0.0,No,female,22,0.75,no,2.0,16.0,3.0,4.0,rural,no,200000 or more
0.0,No,male,42,4.0,no,4.0,17.0,3.0,3.0,rural,no,200000 or more
0.0,No,female,22,1.5,yes,4.0,12.0,1.0,5.0,urban,yes,"75,000 - 100000"
0.0,No,female,22,0.417,no,1.0,17.0,6.0,4.0,rural,no,Under 25000
0.0,No,female,32,15.0,yes,4.0,17.0,5.0,5.0,urban,yes,50000 - 75000
0.0,No,female,27,1.5,no,3.0,18.0,5.0,2.0,rural,no,"150000 - 200,000"
0.0,No,female,22,1.5,yes,3.0,14.0,1.0,5.0,urban,no,Under 25000
0.0,No,female,37,15.0,yes,3.0,14.0,1.0,4.0,urban,yes,Under 25000
0.0,No,female,32,15.0,yes,4.0,14.0,3.0,4.0,urban,no,25000 - 50000
0.0,No,male,37,10.0,yes,2.0,14.0,5.0,3.0,rural,no,50000 - 75000
0.0,No,male,37,10.0,yes,4.0,16.0,5.0,4.0,rural,yes,200000 or more
0.0,No,male,57,15.0,yes,5.0,20.0,5.0,3.0,urban,yes,"150000 - 200,000"
0.0,No,male,27,0.417,no,1.0,16.0,3.0,4.0,rural,yes,200000 or more
0.0,No,female,42,15.0,yes,5.0,14.0,1.0,5.0,urban,yes,200000 or more
0.0,No,male,57,15.0,yes,3.0,16.0,6.0,1.0,rural,yes,Under 25000
0.0,No,male,37,10.0,yes,1.0,16.0,6.0,4.0,urban,yes,"150000 - 200,000"
0.0,No,male,37,15.0,yes,3.0,17.0,5.0,5.0,urban,no,100000 - 150000
0.0,No,male,37,15.0,yes,4.0,20.0,6.0,5.0,rural,no,"150000 - 200,000"
0.0,No,female,27,10.0,yes,5.0,14.0,1.0,5.0,rural,no,200000 or more
0.0,No,male,37,10.0,yes,2.0,18.0,6.0,4.0,rural,no,Under 25000
0.0,No,female,22,0.125,no,4.0,12.0,4.0,5.0,urban,yes,"150000 - 200,000"
0.0,No,male,57,15.0,yes,5.0,20.0,6.0,5.0,urban,yes,100000 - 150000
0.0,No,female,37,15.0,yes,4.0,18.0,6.0,4.0,rural,yes,100000 - 150000
0.0,No,male,22,4.0,yes,4.0,14.0,6.0,4.0,urban,yes,"150000 - 200,000"
0.0,No,male,27,7.0,yes,4.0,18.0,5.0,4.0,urban,no,200000 or more
0.0,No,male,57,15.0,yes,4.0,20.0,5.0,4.0,rural,yes,"150000 - 200,000"
0.0,No,male,32,15.0,yes,3.0,14.0,6.0,3.0,rural,no,"75,000 - 100000"
0.0,No,female,22,1.5,no,2.0,14.0,5.0,4.0,rural,no,"150000 - 200,000"
0.0,No,female,32,7.0,yes,4.0,17.0,1.0,5.0,rural,no,"150000 - 200,000"
0.0,No,female,37,15.0,yes,4.0,17.0,6.0,5.0,rural,yes,"75,000 - 100000"
0.0,No,female,32,1.5,no,5.0,18.0,5.0,5.0,rural,yes,25000 - 50000
0.0,No,male,42,10.0,yes,5.0,20.0,7.0,4.0,urban,yes,25000 - 50000
0.0,No,female,27,7.0,no,3.0,16.0,5.0,4.0,urban,yes,50000 - 75000
0.0,No,male,37,15.0,no,4.0,20.0,6.0,5.0,urban,no,"150000 - 200,000"
0.0,No,male,37,15.0,yes,4.0,14.0,3.0,2.0,rural,yes,"75,000 - 100000"
0.0,No,male,32,10.0,no,5.0,18.0,6.0,4.0,rural,yes,"75,000 - 100000"
0.0,No,female,22,0.75,no,4.0,16.0,1.0,5.0,urban,no,100000 - 150000
0.0,No,female,27,7.0,yes,4.0,12.0,2.0,4.0,rural,yes,"150000 - 200,000"
0.0,No,female,27,7.0,yes,2.0,16.0,2.0,5.0,rural,yes,"75,000 - 100000"
0.0,No,female,42,15.0,yes,5.0,18.0,5.0,4.0,urban,no,50000 - 75000
0.0,No,male,42,15.0,yes,4.0,17.0,5.0,3.0,rural,no,"75,000 - 100000"
0.0,No,female,27,7.0,yes,2.0,16.0,1.0,2.0,rural,no,"150000 - 200,000"
0.0,No,female,22,1.5,no,3.0,16.0,5.0,5.0,rural,yes,"75,000 - 100000"
0.0,No,male,37,15.0,yes,5.0,20.0,6.0,5.0,rural,yes,100000 - 150000
0.0,No,female,22,0.125,no,2.0,14.0,4.0,5.0,urban,yes,100000 - 150000
0.0,No,male,27,1.5,no,4.0,16.0,5.0,5.0,rural,yes,"150000 - 200,000"
0.0,No,male,32,1.5,no,2.0,18.0,6.0,5.0,urban,no,25000 - 50000
0.0,No,male,27,1.5,no,2.0,17.0,6.0,5.0,urban,yes,50000 - 75000
0.0,No,female,27,10.0,yes,4.0,16.0,1.0,3.0,rural,yes,100000 - 150000
0.0,No,male,42,15.0,yes,4.0,18.0,6.0,5.0,urban,no,Under 25000
0.0,No,female,27,1.5,no,2.0,16.0,6.0,5.0,rural,yes,200000 or more
0.0,No,male,27,4.0,no,2.0,18.0,6.0,3.0,urban,yes,"150000 - 200,000"
0.0,No,female,32,10.0,yes,3.0,14.0,5.0,3.0,urban,yes,25000 - 50000
0.0,No,female,32,15.0,yes,3.0,18.0,5.0,4.0,urban,yes,50000 - 75000
0.0,No,female,22,0.75,no,2.0,18.0,6.0,5.0,urban,yes,200000 or more
0.0,No,female,37,15.0,yes,2.0,16.0,1.0,4.0,urban,no,50000 - 75000
0.0,No,male,27,4.0,yes,4.0,20.0,5.0,5.0,urban,yes,100000 - 150000
0.0,No,male,27,4.0,no,1.0,20.0,5.0,4.0,urban,no,"150000 - 200,000"
0.0,No,female,27,10.0,yes,2.0,12.0,1.0,4.0,rural,yes,Under 25000
0.0,No,female,32,15.0,yes,5.0,18.0,6.0,4.0,rural,no,25000 - 50000
0.0,No,male,27,7.0,yes,5.0,12.0,5.0,3.0,rural,yes,25000 - 50000
0.0,No,male,52,15.0,yes,2.0,18.0,5.0,4.0,rural,no,"75,000 - 100000"
0.0,No,male,27,4.0,no,3.0,20.0,6.0,3.0,rural,yes,100000 - 150000
0.0,No,male,37,4.0,yes,1.0,18.0,5.0,4.0,rural,yes,50000 - 75000
0.0,No,male,27,4.0,yes,4.0,14.0,5.0,4.0,urban,yes,Under 25000
0.0,No,female,52,15.0,yes,5.0,12.0,1.0,3.0,urban,no,100000 - 150000
0.0,No,female,57,15.0,yes,4.0,16.0,6.0,4.0,urban,yes,25000 - 50000
0.0,No,male,27,7.0,yes,1.0,16.0,5.0,4.0,rural,yes,50000 - 75000
0.0,No,male,37,7.0,yes,4.0,20.0,6.0,3.0,urban,no,"75,000 - 100000"
0.0,No,male,22,0.75,no,2.0,14.0,4.0,3.0,urban,yes,100000 - 150000
0.0,No,male,32,4.0,yes,2.0,18.0,5.0,3.0,rural,no,50000 - 75000
0.0,No,male,37,15.0,yes,4.0,20.0,6.0,3.0,rural,no,200000 or more
0.0,No,male,22,0.75,yes,2.0,14.0,4.0,3.0,urban,no,200000 or more
0.0,No,male,42,15.0,yes,4.0,20.0,6.0,3.0,urban,no,25000 - 50000
0.0,No,female,52,15.0,yes,5.0,17.0,1.0,1.0,rural,yes,100000 - 150000
0.0,No,female,37,15.0,yes,4.0,14.0,1.0,2.0,rural,yes,25000 - 50000
0.0,No,male,27,7.0,yes,4.0,14.0,5.0,3.0,urban,yes,200000 or more
0.0,No,male,32,4.0,yes,2.0,16.0,5.0,5.0,urban,no,"150000 - 200,000"
0.0,No,female,27,4.0,yes,2.0,18.0,6.0,5.0,urban,no,25000 - 50000
0.0,No,female,27,4.0,yes,2.0,18.0,5.0,5.0,rural,no,"150000 - 200,000"
0.0,No,male,37,15.0,yes,5.0,18.0,6.0,5.0,urban,no,Under 25000
0.0,No,female,47,15.0,yes,5.0,12.0,5.0,4.0,urban,no,100000 - 150000
0.0,No,female,32,10.0,yes,3.0,17.0,1.0,4.0,urban,yes,"75,000 - 100000"
0.0,No,female,27,1.5,yes,4.0,17.0,1.0,2.0,urban,yes,100000 - 150000
0.0,No,female,57,15.0,yes,2.0,18.0,5.0,2.0,urban,yes,200000 or more
0.0,No,female,22,1.5,no,4.0,14.0,5.0,4.0,urban,yes,200000 or more
0.0,No,male,42,15.0,yes,3.0,14.0,3.0,4.0,urban,yes,50000 - 75000
0.0,No,male,57,15.0,yes,4.0,9.0,2.0,2.0,urban,no,"75,000 - 100000"
0.0,No,male,57,15.0,yes,4.0,20.0,6.0,5.0,urban,yes,25000 - 50000
0.0,No,female,22,0.125,no,4.0,14.0,4.0,5.0,rural,no,50000 - 75000
0.0,No,female,32,10.0,yes,4.0,14.0,1.0,5.0,rural,yes,50000 - 75000
0.0,No,female,42,15.0,yes,3.0,18.0,5.0,4.0,urban,no,50000 - 75000
0.0,No,female,27,1.5,no,2.0,18.0,6.0,5.0,rural,no,25000 - 50000
0.0,No,male,32,0.125,yes,2.0,18.0,5.0,2.0,urban,yes,Under 25000
0.0,No,female,27,4.0,no,3.0,16.0,5.0,4.0,rural,no,Under 25000
0.0,No,female,27,10.0,yes,2.0,16.0,1.0,4.0,rural,yes,"75,000 - 100000"
0.0,No,female,32,7.0,yes,4.0,16.0,1.0,3.0,rural,yes,50000 - 75000
0.0,No,female,37,15.0,yes,4.0,14.0,5.0,4.0,rural,yes,100000 - 150000
0.0,No,female,42,15.0,yes,5.0,17.0,6.0,2.0,rural,no,"75,000 - 100000"
0.0,No,male,32,1.5,yes,4.0,14.0,6.0,5.0,rural,yes,"75,000 - 100000"
0.0,No,female,32,4.0,yes,3.0,17.0,5.0,3.0,rural,no,200000 or more
0.0,No,female,37,7.0,no,4.0,18.0,5.0,5.0,urban,yes,Under 25000
0.0,No,female,22,0.417,yes,3.0,14.0,3.0,5.0,urban,no,50000 - 75000
0.0,No,female,27,7.0,yes,4.0,14.0,1.0,5.0,urban,no,"150000 - 200,000"
0.0,No,male,27,0.75,no,3.0,16.0,5.0,5.0,rural,yes,Under 25000
0.0,No,male,27,4.0,yes,2.0,20.0,5.0,5.0,rural,no,200000 or more
0.0,No,male,32,10.0,yes,4.0,16.0,4.0,5.0,rural,no,100000 - 150000
0.0,No,male,32,15.0,yes,1.0,14.0,5.0,5.0,urban,no,Under 25000
0.0,No,male,22,0.75,no,3.0,17.0,4.0,5.0,rural,no,"75,000 - 100000"
0.0,No,female,27,7.0,yes,4.0,17.0,1.0,4.0,rural,yes,"75,000 - 100000"
0.0,No,male,27,0.417,yes,4.0,20.0,5.0,4.0,urban,yes,"75,000 - 100000"
0.0,No,male,37,15.0,yes,4.0,20.0,5.0,4.0,urban,yes,"150000 - 200,000"
0.0,No,female,37,15.0,yes,2.0,14.0,1.0,3.0,rural,yes,Under 25000
0.0,No,male,22,4.0,yes,1.0,18.0,5.0,4.0,rural,yes,Under 25000
0.0,No,male,37,15.0,yes,4.0,17.0,5.0,3.0,urban,yes,100000 - 150000
0.0,No,female,22,1.5,no,2.0,14.0,4.0,5.0,rural,no,"75,000 - 100000"
0.0,No,male,52,15.0,yes,4.0,14.0,6.0,2.0,urban,no,200000 or more
0.0,No,female,22,1.5,no,4.0,17.0,5.0,5.0,rural,yes,"75,000 - 100000"
0.0,No,male,32,4.0,yes,5.0,14.0,3.0,5.0,urban,no,"75,000 - 100000"
0.0,No,male,32,4.0,yes,2.0,14.0,3.0,5.0,rural,yes,100000 - 150000
0.0,No,female,22,1.5,no,3.0,16.0,6.0,5.0,urban,no,200000 or more
0.0,No,male,27,0.75,no,2.0,18.0,3.0,3.0,urban,yes,"75,000 - 100000"
0.0,No,female,22,7.0,yes,2.0,14.0,5.0,2.0,urban,yes,Under 25000
0.0,No,female,27,0.75,no,2.0,17.0,5.0,3.0,rural,no,"150000 - 200,000"
0.0,No,female,37,15.0,yes,4.0,12.0,1.0,2.0,urban,yes,50000 - 75000
0.0,No,female,22,1.5,no,1.0,14.0,1.0,5.0,urban,yes,Under 25000
0.0,No,female,37,10.0,no,2.0,12.0,4.0,4.0,rural,yes,200000 or more
0.0,No,female,37,15.0,yes,4.0,18.0,5.0,3.0,urban,no,"75,000 - 100000"
0.0,No,female,42,15.0,yes,3.0,12.0,3.0,3.0,rural,no,Under 25000
0.0,No,male,22,4.0,no,2.0,18.0,5.0,5.0,rural,yes,Under 25000
0.0,No,male,52,7.0,yes,2.0,20.0,6.0,2.0,urban,yes,100000 - 150000
0.0,No,male,27,0.75,no,2.0,17.0,5.0,5.0,rural,no,100000 - 150000
0.0,No,female,27,4.0,no,2.0,17.0,4.0,5.0,rural,yes,Under 25000
0.0,No,male,42,1.5,no,5.0,20.0,6.0,5.0,urban,no,50000 - 75000
0.0,No,male,22,1.5,no,4.0,17.0,6.0,5.0,urban,yes,25000 - 50000
0.0,No,male,22,4.0,no,4.0,17.0,5.0,3.0,urban,yes,Under 25000
0.0,No,female,22,4.0,yes,1.0,14.0,5.0,4.0,rural,yes,"150000 - 200,000"
0.0,No,male,37,15.0,yes,5.0,20.0,4.0,5.0,rural,no,Under 25000
0.0,No,female,37,10.0,yes,3.0,16.0,6.0,3.0,rural,yes,200000 or more
0.0,No,male,42,15.0,yes,4.0,17.0,6.0,5.0,urban,no,25000 - 50000
0.0,No,female,47,15.0,yes,4.0,17.0,5.0,5.0,rural,no,"150000 - 200,000"
0.0,No,male,22,1.5,no,4.0,16.0,5.0,4.0,rural,yes,"75,000 - 100000"
0.0,No,female,32,10.0,yes,3.0,12.0,1.0,4.0,rural,yes,50000 - 75000
0.0,No,female,22,7.0,yes,1.0,14.0,3.0,5.0,urban,no,200000 or more
0.0,No,female,32,10.0,yes,4.0,17.0,5.0,4.0,rural,yes,Under 25000
0.0,No,male,27,1.5,yes,2.0,16.0,2.0,4.0,urban,no,200000 or more
0.0,No,male,37,15.0,yes,4.0,14.0,5.0,5.0,rural,yes,200000 or more
0.0,No,male,42,4.0,yes,3.0,14.0,4.0,5.0,urban,yes,200000 or more
0.0,No,female,37,15.0,yes,5.0,14.0,5.0,4.0,urban,yes,"75,000 - 100000"
0.0,No,female,32,7.0,yes,4.0,17.0,5.0,5.0,rural,no,200000 or more
0.0,No,female,42,15.0,yes,4.0,18.0,6.0,5.0,urban,yes,25000 - 50000
0.0,No,male,27,4.0,no,4.0,18.0,6.0,4.0,rural,no,25000 - 50000
0.0,No,male,22,0.75,no,4.0,18.0,6.0,5.0,urban,yes,Under 25000
0.0,No,male,27,4.0,yes,4.0,14.0,5.0,3.0,urban,no,50000 - 75000
0.0,No,female,22,0.75,no,5.0,18.0,1.0,5.0,urban,yes,25000 - 50000
0.0,No,female,52,15.0,yes,5.0,9.0,5.0,5.0,urban,no,"150000 - 200,000"
0.0,No,male,32,10.0,yes,3.0,14.0,5.0,5.0,urban,no,50000 - 75000
0.0,No,female,37,15.0,yes,4.0,16.0,4.0,4.0,urban,yes,Under 25000
0.0,No,male,32,7.0,yes,2.0,20.0,5.0,4.0,rural,yes,"150000 - 200,000"
0.0,No,female,42,15.0,yes,3.0,18.0,1.0,4.0,urban,no,100000 - 150000
0.0,No,male,32,15.0,yes,1.0,16.0,5.0,5.0,rural,no,200000 or more
0.0,No,male,27,4.0,yes,3.0,18.0,5.0,5.0,rural,no,"75,000 - 100000"
0.0,No,female,32,15.0,yes,4.0,12.0,3.0,4.0,rural,no,"150000 - 200,000"
0.0,No,male,22,0.75,yes,3.0,14.0,2.0,4.0,urban,yes,50000 - 75000
0.0,No,female,22,1.5,no,3.0,16.0,5.0,3.0,urban,no,100000 - 150000
0.0,No,female,42,15.0,yes,4.0,14.0,3.0,5.0,rural,yes,Under 25000
0.0,No,female,52,15.0,yes,3.0,16.0,5.0,4.0,urban,yes,25000 - 50000
0.0,No,male,37,15.0,yes,5.0,20.0,6.0,4.0,urban,yes,50000 - 75000
0.0,No,female,47,15.0,yes,4.0,12.0,2.0,3.0,rural,yes,50000 - 75000
0.0,No,male,57,15.0,yes,2.0,20.0,6.0,4.0,urban,yes,"75,000 - 100000"
0.0,No,male,32,7.0,yes,4.0,17.0,5.0,5.0,urban,yes,25000 - 50000
0.0,No,female,27,7.0,yes,4.0,17.0,1.0,4.0,urban,no,200000 or more
0.0,No,male,22,1.5,no,1.0,18.0,6.0,5.0,rural,yes,25000 - 50000
0.0,No,female,22,4.0,yes,3.0,9.0,1.0,4.0,urban,yes,100000 - 150000
0.0,No,female,22,1.5,no,2.0,14.0,1.0,5.0,rural,no,"75,000 - 100000"
0.0,No,male,42,15.0,yes,2.0,20.0,6.0,4.0,urban,no,100000 - 150000
0.0,No,male,57,15.0,yes,4.0,9.0,2.0,4.0,rural,yes,Under 25000
0.0,No,female,27,7.0,yes,2.0,18.0,1.0,5.0,urban,no,Under 25000
0.0,No,female,22,4.0,yes,3.0,14.0,1.0,5.0,rural,no,25000 - 50000
0.0,No,male,37,15.0,yes,4.0,14.0,5.0,3.0,rural,yes,200000 or more
0.0,No,male,32,7.0,yes,1.0,18.0,6.0,4.0,urban,yes,200000 or more
0.0,No,female,22,1.5,no,2.0,14.0,5.0,5.0,urban,no,50000 - 75000
0.0,No,female,22,1.5,yes,3.0,12.0,1.0,3.0,urban,no,100000 - 150000
0.0,No,male,52,15.0,yes,2.0,14.0,5.0,5.0,rural,yes,200000 or more
0.0,No,female,37,15.0,yes,2.0,14.0,1.0,1.0,rural,yes,50000 - 75000
0.0,No,female,32,10.0,yes,2.0,14.0,5.0,5.0,rural,yes,"75,000 - 100000"
0.0,No,male,42,15.0,yes,4.0,20.0,4.0,5.0,rural,no,50000 - 75000
0.0,No,female,27,4.0,yes,3.0,18.0,4.0,5.0,urban,no,25000 - 50000
0.0,No,male,37,15.0,yes,4.0,20.0,6.0,5.0,rural,yes,Under 25000
0.0,No,male,27,1.5,no,3.0,18.0,5.0,5.0,rural,no,Under 25000
0.0,No,female,22,0.125,no,2.0,16.0,6.0,3.0,urban,yes,25000 - 50000
0.0,No,male,32,10.0,yes,2.0,20.0,6.0,3.0,rural,yes,Under 25000
0.0,No,female,27,4.0,no,4.0,18.0,5.0,4.0,urban,no,200000 or more
0.0,No,female,27,7.0,yes,2.0,12.0,5.0,1.0,rural,yes,"75,000 - 100000"
0.0,No,male,32,4.0,yes,5.0,18.0,6.0,3.0,rural,yes,"75,000 - 100000"
0.0,No,female,37,15.0,yes,2.0,17.0,5.0,5.0,rural,yes,50000 - 75000
0.0,No,male,47,15.0,no,4.0,20.0,6.0,4.0,urban,no,50000 - 75000
0.0,No,male,27,1.5,no,1.0,18.0,5.0,5.0,rural,yes,25000 - 50000
0.0,No,male,37,15.0,yes,4.0,20.0,6.0,4.0,rural,no,Under 25000
0.0,No,female,32,15.0,yes,4.0,18.0,1.0,4.0,rural,no,50000 - 75000
0.0,No,female,32,7.0,yes,4.0,17.0,5.0,4.0,urban,yes,50000 - 75000
0.0,No,female,42,15.0,yes,3.0,14.0,1.0,3.0,rural,no,25000 - 50000
0.0,No,female,27,7.0,yes,3.0,16.0,1.0,4.0,urban,no,25000 - 50000
0.0,No,male,27,1.5,no,3.0,16.0,4.0,2.0,urban,yes,200000 or more
0.0,No,male,22,1.5,no,3.0,16.0,3.0,5.0,urban,yes,50000 - 75000
0.0,No,male,27,4.0,yes,3.0,16.0,4.0,2.0,urban,no,"150000 - 200,000"
0.0,No,female,27,7.0,yes,3.0,12.0,1.0,2.0,urban,no,"75,000 - 100000"
0.0,No,female,37,15.0,yes,2.0,18.0,5.0,4.0,urban,yes,"75,000 - 100000"
0.0,No,female,37,7.0,yes,3.0,14.0,4.0,4.0,rural,yes,"150000 - 200,000"
0.0,No,male,22,1.5,no,2.0,16.0,5.0,5.0,urban,yes,25000 - 50000
0.0,No,male,37,15.0,yes,5.0,20.0,5.0,4.0,rural,no,100000 - 150000
0.0,No,female,22,1.5,no,4.0,16.0,5.0,3.0,urban,no,50000 - 75000
0.0,No,female,32,10.0,yes,4.0,16.0,1.0,5.0,rural,no,Under 25000
0.0,No,male,27,4.0,no,2.0,17.0,5.0,3.0,rural,yes,25000 - 50000
0.0,No,female,22,0.417,no,4.0,14.0,5.0,5.0,urban,yes,"75,000 - 100000"
0.0,No,female,27,4.0,no,2.0,18.0,5.0,5.0,rural,yes,"75,000 - 100000"
0.0,No,male,37,15.0,yes,4.0,18.0,5.0,3.0,urban,no,50000 - 75000
0.0,No,male,37,10.0,yes,5.0,20.0,7.0,4.0,urban,yes,50000 - 75000
0.0,No,female,27,7.0,yes,2.0,14.0,4.0,2.0,urban,yes,50000 - 75000
0.0,No,male,32,4.0,yes,2.0,16.0,5.0,5.0,urban,yes,25000 - 50000
0.0,No,male,32,4.0,yes,2.0,16.0,6.0,4.0,rural,yes,25000 - 50000
0.0,No,male,22,1.5,no,3.0,18.0,4.0,5.0,rural,yes,25000 - 50000
0.0,No,female,22,4.0,yes,4.0,14.0,3.0,4.0,rural,yes,"150000 - 200,000"
0.0,No,female,17,0.75,no,2.0,18.0,5.0,4.0,urban,yes,100000 - 150000
0.0,No,male,32,10.0,yes,4.0,20.0,4.0,5.0,urban,no,Under 25000
0.0,No,female,32,0.75,no,5.0,14.0,3.0,3.0,urban,no,"75,000 - 100000"
0.0,No,male,37,15.0,yes,4.0,17.0,5.0,3.0,urban,no,100000 - 150000
0.0,No,male,32,4.0,no,3.0,14.0,4.0,5.0,urban,no,50000 - 75000
0.0,No,female,27,1.5,no,2.0,17.0,3.0,2.0,rural,yes,25000 - 50000
0.0,No,female,22,7.0,yes,4.0,14.0,1.0,5.0,urban,yes,"150000 - 200,000"
0.0,No,male,47,15.0,yes,5.0,14.0,6.0,5.0,rural,no,50000 - 75000
0.0,No,male,27,4.0,yes,1.0,16.0,4.0,4.0,rural,no,25000 - 50000
0.0,No,female,37,15.0,yes,5.0,14.0,1.0,3.0,urban,no,50000 - 75000
0.0,No,male,42,4.0,yes,4.0,18.0,5.0,5.0,rural,no,200000 or more
0.0,No,female,32,4.0,yes,2.0,14.0,1.0,5.0,rural,yes,Under 25000
0.0,No,male,52,15.0,yes,2.0,14.0,7.0,4.0,urban,yes,"75,000 - 100000"
0.0,No,female,22,1.5,no,2.0,16.0,1.0,4.0,urban,yes,100000 - 150000
0.0,No,male,52,15.0,yes,4.0,12.0,2.0,4.0,rural,yes,25000 - 50000
0.0,No,female,22,0.417,no,3.0,17.0,1.0,5.0,rural,yes,50000 - 75000
0.0,No,female,22,1.5,no,2.0,16.0,5.0,5.0,rural,yes,"75,000 - 100000"
0.0,No,male,27,4.0,yes,4.0,20.0,6.0,4.0,rural,yes,50000 - 75000
0.0,No,female,32,15.0,yes,4.0,14.0,1.0,5.0,urban,no,200000 or more
0.0,No,female,27,1.5,no,2.0,16.0,3.0,5.0,rural,no,"75,000 - 100000"
0.0,No,male,32,4.0,no,1.0,20.0,6.0,5.0,rural,yes,50000 - 75000
0.0,No,male,37,15.0,yes,3.0,20.0,6.0,4.0,urban,yes,50000 - 75000
0.0,No,female,32,10.0,no,2.0,16.0,6.0,5.0,urban,no,"150000 - 200,000"
0.0,No,female,32,10.0,yes,5.0,14.0,5.0,5.0,rural,yes,100000 - 150000
0.0,No,male,37,1.5,yes,4.0,18.0,5.0,3.0,rural,no,50000 - 75000
0.0,No,male,32,1.5,no,2.0,18.0,4.0,4.0,rural,yes,200000 or more
0.0,No,female,32,10.0,yes,4.0,14.0,1.0,4.0,rural,no,50000 - 75000
0.0,No,female,47,15.0,yes,4.0,18.0,5.0,4.0,rural,no,50000 - 75000
0.0,No,female,27,10.0,yes,5.0,12.0,1.0,5.0,rural,yes,100000 - 150000
0.0,No,male,27,4.0,yes,3.0,16.0,4.0,5.0,urban,yes,100000 - 150000
0.0,No,female,37,15.0,yes,4.0,12.0,4.0,2.0,rural,no,50000 - 75000
0.0,No,female,27,0.75,no,4.0,16.0,5.0,5.0,urban,no,50000 - 75000
0.0,No,female,37,15.0,yes,4.0,16.0,1.0,5.0,urban,no,100000 - 150000
0.0,No,female,32,15.0,yes,3.0,16.0,1.0,5.0,rural,yes,200000 or more
0.0,No,female,27,10.0,yes,2.0,16.0,1.0,5.0,rural,no,50000 - 75000
0.0,No,male,27,7.0,no,2.0,20.0,6.0,5.0,rural,no,25000 - 50000
0.0,No,female,37,15.0,yes,2.0,14.0,1.0,3.0,rural,yes,Under 25000
0.0,No,male,27,1.5,yes,2.0,17.0,4.0,4.0,rural,yes,"75,000 - 100000"
0.0,No,female,22,0.75,yes,2.0,14.0,1.0,5.0,rural,no,100000 - 150000
0.0,No,male,22,4.0,yes,4.0,14.0,2.0,4.0,urban,yes,"150000 - 200,000"
0.0,No,male,42,0.125,no,4.0,17.0,6.0,4.0,urban,yes,25000 - 50000
0.0,No,male,27,1.5,yes,4.0,18.0,6.0,5.0,rural,yes,"150000 - 200,000"
0.0,No,male,27,7.0,yes,3.0,16.0,6.0,3.0,rural,no,25000 - 50000
0.0,No,female,52,15.0,yes,4.0,14.0,1.0,3.0,rural,no,25000 - 50000
0.0,No,male,27,1.5,no,5.0,20.0,5.0,2.0,urban,no,50000 - 75000
0.0,No,female,27,1.5,no,2.0,16.0,5.0,5.0,rural,yes,100000 - 150000
0.0,No,female,27,1.5,no,3.0,17.0,5.0,5.0,urban,no,Under 25000
0.0,No,male,22,0.125,no,5.0,16.0,4.0,4.0,rural,no,200000 or more
0.0,No,female,27,4.0,yes,4.0,16.0,1.0,5.0,rural,no,200000 or more
0.0,No,female,27,4.0,yes,4.0,12.0,1.0,5.0,urban,yes,50000 - 75000
0.0,No,female,47,15.0,yes,2.0,14.0,5.0,5.0,urban,no,"75,000 - 100000"
0.0,No,female,32,15.0,yes,3.0,14.0,5.0,3.0,rural,no,25000 - 50000
0.0,No,male,42,7.0,yes,2.0,16.0,5.0,5.0,rural,yes,Under 25000
0.0,No,male,22,0.75,no,4.0,16.0,6.0,4.0,rural,no,"75,000 - 100000"
0.0,No,male,27,0.125,no,3.0,20.0,6.0,5.0,rural,no,"75,000 - 100000"
0.0,No,male,32,10.0,yes,3.0,20.0,6.0,5.0,urban,no,50000 - 75000
0.0,No,female,22,0.417,no,5.0,14.0,4.0,5.0,rural,yes,200000 or more
0.0,No,female,47,15.0,yes,5.0,14.0,1.0,4.0,rural,yes,100000 - 150000
0.0,No,female,32,10.0,yes,3.0,14.0,1.0,5.0,rural,yes,"75,000 - 100000"
0.0,No,male,57,15.0,yes,4.0,17.0,5.0,5.0,rural,yes,Under 25000
0.0,No,male,27,4.0,yes,3.0,20.0,6.0,5.0,rural,no,"150000 - 200,000"
0.0,No,female,32,7.0,yes,4.0,17.0,1.0,5.0,rural,no,50000 - 75000
0.0,No,female,37,10.0,yes,4.0,16.0,1.0,5.0,urban,yes,"75,000 - 100000"
0.0,No,female,32,10.0,yes,1.0,18.0,1.0,4.0,rural,no,"150000 - 200,000"
0.0,No,female,22,4.0,no,3.0,14.0,1.0,4.0,urban,no,"150000 - 200,000"
0.0,No,female,27,7.0,yes,4.0,14.0,3.0,2.0,urban,no,200000 or more
0.0,No,male,57,15.0,yes,5.0,18.0,5.0,2.0,rural,yes,25000 - 50000
0.0,No,male,32,7.0,yes,2.0,18.0,5.0,5.0,rural,no,25000 - 50000
0.0,No,female,27,1.5,no,4.0,17.0,1.0,3.0,urban,yes,25000 - 50000
0.0,No,male,22,1.5,no,4.0,14.0,5.0,5.0,rural,yes,50000 - 75000
0.0,No,female,22,1.5,yes,4.0,14.0,5.0,4.0,urban,yes,Under 25000
0.0,No,female,32,7.0,yes,3.0,16.0,1.0,5.0,urban,yes,200000 or more
0.0,No,female,47,15.0,yes,3.0,16.0,5.0,4.0,rural,yes,"75,000 - 100000"
0.0,No,female,22,0.75,no,3.0,16.0,1.0,5.0,urban,no,"150000 - 200,000"
0.0,No,female,22,1.5,yes,2.0,14.0,5.0,5.0,rural,no,100000 - 150000
0.0,No,female,27,4.0,yes,1.0,16.0,5.0,5.0,rural,yes,200000 or more
0.0,No,male,52,15.0,yes,4.0,16.0,5.0,5.0,urban,yes,Under 25000
0.0,No,male,32,10.0,yes,4.0,20.0,6.0,5.0,urban,no,"75,000 - 100000"
0.0,No,male,47,15.0,yes,4.0,16.0,6.0,4.0,urban,no,Under 25000
0.0,No,female,27,7.0,yes,2.0,14.0,1.0,2.0,urban,yes,100000 - 150000
0.0,No,female,22,1.5,no,4.0,14.0,4.0,5.0,urban,yes,100000 - 150000
0.0,No,female,32,10.0,yes,2.0,16.0,5.0,4.0,urban,yes,100000 - 150000
0.0,No,female,22,0.75,no,2.0,16.0,5.0,4.0,rural,no,25000 - 50000
0.0,No,female,22,1.5,no,2.0,16.0,5.0,5.0,rural,no,25000 - 50000
0.0,No,female,42,15.0,yes,3.0,18.0,6.0,4.0,urban,no,Under 25000
0.0,No,female,27,7.0,yes,5.0,14.0,4.0,5.0,rural,yes,25000 - 50000
0.0,No,male,42,15.0,yes,4.0,16.0,4.0,4.0,urban,no,25000 - 50000
0.0,No,female,57,15.0,yes,3.0,18.0,5.0,2.0,rural,yes,"150000 - 200,000"
0.0,No,male,42,15.0,yes,3.0,18.0,6.0,2.0,urban,yes,100000 - 150000
0.0,No,female,32,7.0,yes,2.0,14.0,1.0,2.0,rural,no,200000 or more
0.0,No,male,22,4.0,no,5.0,12.0,4.0,5.0,urban,yes,50000 - 75000
0.0,No,female,22,1.5,no,1.0,16.0,6.0,5.0,urban,no,"150000 - 200,000"
0.0,No,female,22,0.75,no,1.0,14.0,4.0,5.0,rural,no,Under 25000
0.0,No,female,32,15.0,yes,4.0,12.0,1.0,5.0,rural,no,50000 - 75000
0.0,No,male,22,1.5,no,2.0,18.0,5.0,3.0,rural,no,"150000 - 200,000"
0.0,No,male,27,4.0,yes,5.0,17.0,2.0,5.0,urban,yes,50000 - 75000
0.0,No,female,27,4.0,yes,4.0,12.0,1.0,5.0,rural,yes,"75,000 - 100000"
0.0,No,male,42,15.0,yes,5.0,18.0,5.0,4.0,rural,yes,200000 or more
0.0,No,male,32,1.5,no,2.0,20.0,7.0,3.0,rural,no,200000 or more
0.0,No,male,57,15.0,no,4.0,9.0,3.0,1.0,urban,yes,"75,000 - 100000"
0.0,No,male,37,7.0,no,4.0,18.0,5.0,5.0,rural,yes,50000 - 75000
0.0,No,male,52,15.0,yes,2.0,17.0,5.0,4.0,rural,no,25000 - 50000
0.0,No,male,47,15.0,yes,4.0,17.0,6.0,5.0,rural,no,"75,000 - 100000"
0.0,No,female,27,7.0,no,2.0,17.0,5.0,4.0,rural,no,"150000 - 200,000"
0.0,No,female,27,7.0,yes,4.0,14.0,5.0,5.0,urban,no,Under 25000
0.0,No,female,22,4.0,no,2.0,14.0,3.0,3.0,urban,yes,25000 - 50000
0.0,No,male,37,7.0,yes,2.0,20.0,6.0,5.0,urban,yes,25000 - 50000
0.0,No,male,27,7.0,no,4.0,12.0,4.0,3.0,urban,yes,25000 - 50000
0.0,No,male,42,10.0,yes,4.0,18.0,6.0,4.0,rural,no,"150000 - 200,000"
0.0,No,female,22,1.5,no,3.0,14.0,1.0,5.0,rural,yes,200000 or more
0.0,No,female,22,4.0,yes,2.0,14.0,1.0,3.0,rural,no,100000 - 150000
0.0,No,female,57,15.0,no,4.0,20.0,6.0,5.0,urban,no,Under 25000
0.0,No,male,37,15.0,yes,4.0,14.0,4.0,3.0,rural,yes,"150000 - 200,000"
0.0,No,female,27,7.0,yes,3.0,18.0,5.0,5.0,rural,yes,"75,000 - 100000"
0.0,No,female,17,10.0,no,4.0,14.0,4.0,5.0,urban,no,"150000 - 200,000"
0.0,No,male,22,4.0,yes,4.0,16.0,5.0,5.0,rural,yes,100000 - 150000
0.0,No,female,27,4.0,yes,2.0,16.0,1.0,4.0,urban,yes,50000 - 75000
0.0,No,female,37,15.0,yes,2.0,14.0,5.0,1.0,rural,yes,50000 - 75000
0.0,No,female,22,1.5,no,5.0,14.0,1.0,4.0,urban,no,"75,000 - 100000"
0.0,No,male,27,7.0,yes,2.0,20.0,5.0,4.0,rural,yes,200000 or more
0.0,No,male,27,4.0,yes,4.0,14.0,5.0,5.0,rural,yes,"75,000 - 100000"
0.0,No,male,22,0.125,no,1.0,16.0,3.0,5.0,urban,no,100000 - 150000
0.0,No,female,27,7.0,yes,4.0,14.0,1.0,4.0,rural,no,100000 - 150000
0.0,No,female,32,15.0,yes,5.0,16.0,5.0,3.0,rural,no,"150000 - 200,000"
0.0,No,male,32,10.0,yes,4.0,18.0,5.0,4.0,urban,no,100000 - 150000
0.0,No,female,32,15.0,yes,2.0,14.0,3.0,4.0,rural,yes,200000 or more
0.0,No,female,22,1.5,no,3.0,17.0,5.0,5.0,rural,no,200000 or more
0.0,No,male,27,4.0,yes,4.0,17.0,4.0,4.0,rural,yes,25000 - 50000
0.0,No,female,52,15.0,yes,5.0,14.0,1.0,5.0,urban,yes,100000 - 150000
0.0,No,female,27,7.0,yes,2.0,12.0,1.0,2.0,urban,no,50000 - 75000
0.0,No,female,27,7.0,yes,3.0,12.0,1.0,4.0,urban,yes,50000 - 75000
0.0,No,female,42,15.0,yes,2.0,14.0,1.0,4.0,rural,no,200000 or more
0.0,No,female,42,15.0,yes,4.0,14.0,5.0,4.0,rural,no,"75,000 - 100000"
0.0,No,male,27,7.0,yes,4.0,14.0,3.0,3.0,rural,no,200000 or more
0.0,No,male,27,7.0,yes,2.0,20.0,6.0,2.0,rural,yes,"150000 - 200,000"
0.0,No,female,42,15.0,yes,3.0,12.0,3.0,3.0,rural,yes,Under 25000
0.0,No,male,27,4.0,yes,3.0,16.0,3.0,5.0,urban,yes,"75,000 - 100000"
0.0,No,female,27,7.0,yes,3.0,14.0,1.0,4.0,urban,yes,"75,000 - 100000"
0.0,No,female,22,1.5,no,2.0,14.0,4.0,5.0,rural,no,"75,000 - 100000"
0.0,No,female,27,4.0,yes,4.0,14.0,1.0,4.0,rural,yes,Under 25000
0.0,No,female,22,4.0,no,4.0,14.0,5.0,5.0,urban,yes,"75,000 - 100000"
0.0,No,female,22,1.5,no,2.0,16.0,4.0,5.0,rural,yes,"150000 - 200,000"
0.0,No,male,47,15.0,no,4.0,14.0,5.0,4.0,rural,no,25000 - 50000
0.0,No,male,37,10.0,yes,2.0,18.0,6.0,2.0,rural,no,"150000 - 200,000"
0.0,No,male,37,15.0,yes,3.0,17.0,5.0,4.0,rural,no,"75,000 - 100000"
0.0,No,female,27,4.0,yes,2.0,16.0,1.0,4.0,rural,yes,50000 - 75000
3.0,Yes,male,27,1.5,no,3.0,18.0,4.0,4.0,rural,yes,"150000 - 200,000"
3.0,Yes,female,27,4.0,yes,3.0,17.0,1.0,5.0,urban,no,200000 or more
7.0,Yes,male,37,15.0,yes,5.0,18.0,6.0,2.0,urban,no,"150000 - 200,000"
12.0,Yes,female,32,10.0,yes,3.0,17.0,5.0,2.0,rural,yes,"150000 - 200,000"
1.0,Yes,male,22,0.125,no,4.0,16.0,5.0,5.0,urban,no,100000 - 150000
1.0,Yes,female,22,1.5,yes,2.0,14.0,1.0,5.0,rural,no,"150000 - 200,000"
12.0,Yes,male,37,15.0,yes,4.0,14.0,5.0,2.0,urban,no,50000 - 75000
7.0,Yes,female,22,1.5,no,2.0,14.0,3.0,4.0,rural,no,"75,000 - 100000"
2.0,Yes,male,37,15.0,yes,2.0,18.0,6.0,4.0,rural,yes,50000 - 75000
3.0,Yes,female,32,15.0,yes,4.0,12.0,3.0,2.0,urban,yes,"75,000 - 100000"
1.0,Yes,female,37,15.0,yes,4.0,14.0,4.0,2.0,urban,no,25000 - 50000
7.0,Yes,female,42,15.0,yes,3.0,17.0,1.0,4.0,urban,no,50000 - 75000
12.0,Yes,female,42,15.0,yes,5.0,9.0,4.0,1.0,rural,no,"150000 - 200,000"
12.0,Yes,male,37,10.0,yes,2.0,20.0,6.0,2.0,rural,no,50000 - 75000
12.0,Yes,female,32,15.0,yes,3.0,14.0,1.0,2.0,rural,no,200000 or more
3.0,Yes,male,27,4.0,no,1.0,18.0,6.0,5.0,urban,yes,200000 or more
7.0,Yes,male,37,10.0,yes,2.0,18.0,7.0,3.0,urban,no,Under 25000
7.0,Yes,female,27,4.0,no,3.0,17.0,5.0,5.0,urban,no,50000 - 75000
1.0,Yes,male,42,15.0,yes,4.0,16.0,5.0,5.0,rural,yes,25000 - 50000
1.0,Yes,female,47,15.0,yes,5.0,14.0,4.0,5.0,urban,no,"75,000 - 100000"
7.0,Yes,female,27,4.0,yes,3.0,18.0,5.0,4.0,rural,yes,200000 or more
1.0,Yes,female,27,7.0,yes,5.0,14.0,1.0,4.0,urban,yes,100000 - 150000
12.0,Yes,male,27,1.5,yes,3.0,17.0,5.0,4.0,urban,no,25000 - 50000
12.0,Yes,female,27,7.0,yes,4.0,14.0,6.0,2.0,rural,yes,"75,000 - 100000"
3.0,Yes,female,42,15.0,yes,4.0,16.0,5.0,4.0,urban,yes,Under 25000
7.0,Yes,female,27,10.0,yes,4.0,12.0,7.0,3.0,urban,yes,200000 or more
1.0,Yes,male,27,1.5,no,2.0,18.0,5.0,2.0,rural,yes,Under 25000
1.0,Yes,male,32,4.0,no,4.0,20.0,6.0,4.0,rural,yes,"75,000 - 100000"
1.0,Yes,female,27,7.0,yes,3.0,14.0,1.0,3.0,rural,yes,"150000 - 200,000"
3.0,Yes,female,32,10.0,yes,4.0,14.0,1.0,4.0,urban,yes,"75,000 - 100000"
3.0,Yes,male,27,4.0,yes,2.0,18.0,7.0,2.0,urban,yes,50000 - 75000
1.0,Yes,female,17,0.75,no,5.0,14.0,4.0,5.0,rural,yes,"75,000 - 100000"
1.0,Yes,female,32,10.0,yes,4.0,18.0,1.0,5.0,urban,no,200000 or more
7.0,Yes,female,32,7.0,yes,2.0,17.0,6.0,4.0,urban,yes,"150000 - 200,000"
7.0,Yes,male,37,15.0,yes,2.0,20.0,6.0,4.0,rural,no,100000 - 150000
7.0,Yes,female,37,10.0,no,1.0,20.0,5.0,3.0,urban,yes,25000 - 50000
12.0,Yes,female,32,10.0,yes,2.0,16.0,5.0,5.0,urban,yes,100000 - 150000
7.0,Yes,male,52,15.0,yes,2.0,20.0,6.0,4.0,rural,yes,100000 - 150000
7.0,Yes,female,42,15.0,yes,1.0,12.0,1.0,3.0,urban,yes,"75,000 - 100000"
1.0,Yes,male,52,15.0,yes,2.0,20.0,6.0,3.0,rural,no,25000 - 50000
2.0,Yes,male,37,15.0,yes,3.0,18.0,6.0,5.0,rural,no,"150000 - 200,000"
12.0,Yes,female,22,4.0,no,3.0,12.0,3.0,4.0,rural,no,100000 - 150000
12.0,Yes,male,27,7.0,yes,1.0,18.0,6.0,2.0,urban,yes,50000 - 75000
1.0,Yes,male,27,4.0,yes,3.0,18.0,5.0,5.0,urban,no,100000 - 150000
12.0,Yes,male,47,15.0,yes,4.0,17.0,6.0,5.0,urban,yes,"150000 - 200,000"
12.0,Yes,female,42,15.0,yes,4.0,12.0,1.0,1.0,rural,yes,25000 - 50000
7.0,Yes,male,27,4.0,no,3.0,14.0,3.0,4.0,rural,yes,50000 - 75000
7.0,Yes,female,32,7.0,yes,4.0,18.0,4.0,5.0,rural,yes,200000 or more
1.0,Yes,male,32,0.417,yes,3.0,12.0,3.0,4.0,urban,no,Under 25000
3.0,Yes,male,47,15.0,yes,5.0,16.0,5.0,4.0,urban,no,"75,000 - 100000"
12.0,Yes,male,37,15.0,yes,2.0,20.0,5.0,4.0,urban,yes,100000 - 150000
7.0,Yes,male,22,4.0,yes,2.0,17.0,6.0,4.0,rural,no,"75,000 - 100000"
1.0,Yes,male,27,4.0,no,2.0,14.0,4.0,5.0,urban,no,"150000 - 200,000"
7.0,Yes,female,52,15.0,yes,5.0,16.0,1.0,3.0,urban,no,"150000 - 200,000"
1.0,Yes,male,27,4.0,no,3.0,14.0,3.0,3.0,rural,yes,"75,000 - 100000"
1.0,Yes,female,27,10.0,yes,4.0,16.0,1.0,4.0,rural,yes,"150000 - 200,000"
1.0,Yes,male,32,7.0,yes,3.0,14.0,7.0,4.0,rural,yes,25000 - 50000
7.0,Yes,male,32,7.0,yes,2.0,18.0,4.0,1.0,rural,yes,Under 25000
3.0,Yes,male,22,1.5,no,1.0,14.0,3.0,2.0,urban,no,Under 25000
7.0,Yes,male,22,4.0,yes,3.0,18.0,6.0,4.0,rural,no,25000 - 50000
7.0,Yes,male,42,15.0,yes,4.0,20.0,6.0,4.0,rural,yes,25000 - 50000
2.0,Yes,female,57,15.0,yes,1.0,18.0,5.0,4.0,rural,yes,Under 25000
7.0,Yes,female,32,4.0,yes,3.0,18.0,5.0,2.0,rural,yes,50000 - 75000
1.0,Yes,male,27,4.0,yes,1.0,16.0,4.0,4.0,urban,no,25000 - 50000
7.0,Yes,male,32,7.0,yes,4.0,16.0,1.0,4.0,rural,yes,"150000 - 200,000"
2.0,Yes,male,57,15.0,yes,1.0,17.0,4.0,4.0,rural,no,50000 - 75000
7.0,Yes,female,42,15.0,yes,4.0,14.0,5.0,2.0,urban,no,200000 or more
7.0,Yes,male,37,10.0,yes,1.0,18.0,5.0,3.0,urban,yes,"150000 - 200,000"
3.0,Yes,male,42,15.0,yes,3.0,17.0,6.0,1.0,rural,no,"150000 - 200,000"
1.0,Yes,female,52,15.0,yes,3.0,14.0,4.0,4.0,urban,yes,Under 25000
2.0,Yes,female,27,7.0,yes,3.0,17.0,5.0,3.0,rural,no,Under 25000
12.0,Yes,male,32,7.0,yes,2.0,12.0,4.0,2.0,urban,yes,25000 - 50000
1.0,Yes,male,22,4.0,no,4.0,14.0,2.0,5.0,urban,yes,25000 - 50000
3.0,Yes,male,27,7.0,yes,3.0,18.0,6.0,4.0,rural,yes,"150000 - 200,000"
12.0,Yes,female,37,15.0,yes,1.0,18.0,5.0,5.0,rural,yes,50000 - 75000
7.0,Yes,female,32,15.0,yes,3.0,17.0,1.0,3.0,urban,no,Under 25000
7.0,Yes,female,27,7.0,no,2.0,17.0,5.0,5.0,urban,no,50000 - 75000
1.0,Yes,female,32,7.0,yes,3.0,17.0,5.0,3.0,rural,yes,"150000 - 200,000"
1.0,Yes,male,32,1.5,yes,2.0,14.0,2.0,4.0,rural,yes,200000 or more
12.0,Yes,female,42,15.0,yes,4.0,14.0,1.0,2.0,rural,no,"150000 - 200,000"
7.0,Yes,male,32,10.0,yes,3.0,14.0,5.0,4.0,urban,yes,25000 - 50000
7.0,Yes,male,37,4.0,yes,1.0,20.0,6.0,3.0,rural,yes,"150000 - 200,000"
1.0,Yes,female,27,4.0,yes,2.0,16.0,5.0,3.0,rural,no,50000 - 75000
12.0,Yes,female,42,15.0,yes,3.0,14.0,4.0,3.0,urban,yes,200000 or more
1.0,Yes,male,27,10.0,yes,5.0,20.0,6.0,5.0,rural,yes,200000 or more
12.0,Yes,male,37,10.0,yes,2.0,20.0,6.0,2.0,rural,no,"75,000 - 100000"
12.0,Yes,female,27,7.0,yes,1.0,14.0,3.0,3.0,rural,yes,"75,000 - 100000"
3.0,Yes,female,27,7.0,yes,4.0,12.0,1.0,2.0,rural,no,25000 - 50000
3.0,Yes,male,32,10.0,yes,2.0,14.0,4.0,4.0,rural,no,200000 or more
12.0,Yes,female,17,0.75,yes,2.0,12.0,1.0,3.0,rural,no,25000 - 50000
12.0,Yes,female,32,15.0,yes,3.0,18.0,5.0,4.0,urban,no,25000 - 50000
2.0,Yes,female,22,7.0,no,4.0,14.0,4.0,3.0,urban,no,25000 - 50000
1.0,Yes,male,32,7.0,yes,4.0,20.0,6.0,5.0,rural,yes,100000 - 150000
7.0,Yes,male,27,4.0,yes,2.0,18.0,6.0,2.0,urban,yes,200000 or more
1.0,Yes,female,22,1.5,yes,5.0,14.0,5.0,3.0,rural,no,25000 - 50000
12.0,Yes,female,32,15.0,no,3.0,17.0,5.0,1.0,rural,yes,"150000 - 200,000"
12.0,Yes,female,42,15.0,yes,2.0,12.0,1.0,2.0,urban,yes,50000 - 75000
7.0,Yes,male,42,15.0,yes,3.0,20.0,5.0,4.0,rural,no,25000 - 50000
12.0,Yes,male,32,10.0,no,2.0,18.0,4.0,2.0,urban,no,Under 25000
12.0,Yes,female,32,15.0,yes,3.0,9.0,1.0,1.0,rural,no,"75,000 - 100000"
7.0,Yes,male,57,15.0,yes,5.0,20.0,4.0,5.0,rural,yes,50000 - 75000
12.0,Yes,male,47,15.0,yes,4.0,20.0,6.0,4.0,rural,yes,"75,000 - 100000"
2.0,Yes,female,42,15.0,yes,2.0,17.0,6.0,3.0,urban,yes,Under 25000
12.0,Yes,male,37,15.0,yes,3.0,17.0,6.0,3.0,urban,yes,100000 - 150000
12.0,Yes,male,37,15.0,yes,5.0,17.0,5.0,2.0,rural,no,Under 25000
7.0,Yes,male,27,10.0,yes,2.0,20.0,6.0,4.0,urban,no,"75,000 - 100000"
2.0,Yes,male,37,15.0,yes,2.0,16.0,5.0,4.0,rural,no,25000 - 50000
12.0,Yes,female,32,15.0,yes,1.0,14.0,5.0,2.0,rural,yes,"150000 - 200,000"
7.0,Yes,male,32,10.0,yes,3.0,17.0,6.0,3.0,rural,yes,25000 - 50000
2.0,Yes,male,37,15.0,yes,4.0,18.0,5.0,1.0,urban,yes,Under 25000
7.0,Yes,female,27,1.5,no,2.0,17.0,5.0,5.0,urban,no,50000 - 75000
3.0,Yes,female,47,15.0,yes,2.0,17.0,5.0,2.0,rural,yes,100000 - 150000
12.0,Yes,male,37,15.0,yes,2.0,17.0,5.0,4.0,rural,yes,25000 - 50000
12.0,Yes,female,27,4.0,no,2.0,14.0,5.0,5.0,rural,no,Under 25000
2.0,Yes,female,27,10.0,yes,4.0,14.0,1.0,5.0,rural,no,Under 25000
1.0,Yes,female,22,4.0,yes,3.0,16.0,1.0,3.0,rural,yes,50000 - 75000
12.0,Yes,male,52,7.0,no,4.0,16.0,5.0,5.0,rural,no,200000 or more
2.0,Yes,female,27,4.0,yes,1.0,16.0,3.0,5.0,rural,yes,100000 - 150000
7.0,Yes,female,37,15.0,yes,2.0,17.0,6.0,4.0,urban,no,50000 - 75000
2.0,Yes,female,27,4.0,no,1.0,17.0,3.0,1.0,rural,yes,Under 25000
12.0,Yes,female,17,0.75,yes,2.0,12.0,3.0,5.0,rural,no,"150000 - 200,000"
7.0,Yes,female,32,15.0,yes,5.0,18.0,5.0,4.0,urban,no,200000 or more
7.0,Yes,female,22,4.0,no,1.0,16.0,3.0,5.0,rural,yes,50000 - 75000
2.0,Yes,male,32,4.0,yes,4.0,18.0,6.0,4.0,urban,yes,200000 or more
1.0,Yes,female,22,1.5,yes,3.0,18.0,5.0,2.0,urban,yes,"150000 - 200,000"
3.0,Yes,female,42,15.0,yes,2.0,17.0,5.0,4.0,urban,yes,200000 or more
1.0,Yes,male,32,7.0,yes,4.0,16.0,4.0,4.0,urban,yes,"75,000 - 100000"
12.0,Yes,male,37,15.0,no,3.0,14.0,6.0,2.0,rural,yes,Under 25000
1.0,Yes,male,42,15.0,yes,3.0,16.0,6.0,3.0,rural,no,25000 - 50000
1.0,Yes,male,27,4.0,yes,1.0,18.0,5.0,4.0,urban,no,"150000 - 200,000"
2.0,Yes,male,37,15.0,yes,4.0,20.0,7.0,3.0,rural,no,Under 25000
7.0,Yes,male,37,15.0,yes,3.0,20.0,6.0,4.0,rural,yes,"75,000 - 100000"
3.0,Yes,male,22,1.5,no,2.0,12.0,3.0,3.0,rural,yes,Under 25000
3.0,Yes,male,32,4.0,yes,3.0,20.0,6.0,2.0,urban,yes,200000 or more
2.0,Yes,male,32,15.0,yes,5.0,20.0,6.0,5.0,urban,yes,"75,000 - 100000"
12.0,Yes,female,52,15.0,yes,1.0,18.0,5.0,5.0,urban,no,"150000 - 200,000"
12.0,Yes,male,47,15.0,no,1.0,18.0,6.0,5.0,urban,yes,50000 - 75000
3.0,Yes,female,32,15.0,yes,4.0,16.0,4.0,4.0,rural,yes,25000 - 50000
7.0,Yes,female,32,15.0,yes,3.0,14.0,3.0,2.0,urban,yes,100000 - 150000
7.0,Yes,female,27,7.0,yes,4.0,16.0,1.0,2.0,urban,no,200000 or more
12.0,Yes,male,42,15.0,yes,3.0,18.0,6.0,2.0,urban,no,50000 - 75000
7.0,Yes,female,42,15.0,yes,2.0,14.0,3.0,2.0,urban,no,25000 - 50000
12.0,Yes,male,27,7.0,yes,2.0,17.0,5.0,4.0,urban,yes,200000 or more
3.0,Yes,male,32,10.0,yes,4.0,14.0,4.0,3.0,rural,yes,"75,000 - 100000"
7.0,Yes,male,47,15.0,yes,3.0,16.0,4.0,2.0,rural,no,25000 - 50000
1.0,Yes,male,22,1.5,yes,1.0,12.0,2.0,5.0,rural,no,200000 or more
7.0,Yes,female,32,10.0,yes,2.0,18.0,5.0,4.0,urban,no,"150000 - 200,000"
2.0,Yes,male,32,10.0,yes,2.0,17.0,6.0,5.0,rural,no,"150000 - 200,000"
2.0,Yes,male,22,7.0,yes,3.0,18.0,6.0,2.0,urban,yes,50000 - 75000
1.0,Yes,female,32,15.0,yes,3.0,14.0,1.0,5.0,urban,yes,50000 - 75000
0.0,No,male,32,2.0,no,2.0,17.0,4.0,5.0,urban,no,"75,000 - 100000"
7.0,No,female,38,5.0,yes,2.0,13.0,4.0,3.0,urban,yes,25000 - 50000
0.0,No,male,32,0.0,yes,1.0,14.0,4.0,4.0,rural,yes,Under 25000
5.0,Yes,female,13,6.0,yes,5.0,19.0,7.0,4.0,rural,yes,"150000 - 200,000"
3.0,No,male,33,8.0,no,2.0,13.0,5.0,5.0,urban,yes,"75,000 - 100000"
2.0,No,female,39,2.0,yes,3.0,18.0,3.0,2.0,urban,no,200000 or more
3.0,Yes,male,38,4.0,yes,5.0,16.0,4.0,3.0,rural,no,Under 25000
2.0,No,female,23,12.0,yes,4.0,14.0,3.0,4.0,rural,no,50000 - 75000
0.0,Yes,male,27,13.0,no,4.0,15.0,3.0,3.0,rural,yes,25000 - 50000
2.0,No,male,30,3.0,yes,2.0,16.0,3.0,2.0,rural,yes,Under 25000
3.0,No,male,34,9.0,no,2.0,17.0,3.0,2.0,rural,yes,100000 - 150000
0.0,No,female,34,13.0,yes,2.0,17.0,4.0,3.0,rural,yes,100000 - 150000
0.0,Yes,male,18,17.0,yes,3.0,19.0,4.0,2.0,rural,yes,25000 - 50000
1.0,No,female,36,2.0,no,2.0,12.0,5.0,3.0,rural,no,100000 - 150000
5.0,No,female,34,19.0,yes,3.0,16.0,1.0,2.0,rural,no,25000 - 50000
0.0,No,female,25,6.0,no,2.0,18.0,3.0,2.0,rural,no,"75,000 - 100000"
6.0,Yes,male,37,9.0,yes,3.0,14.0,4.0,3.0,urban,yes,50000 - 75000
1.0,No,female,17,11.0,yes,1.0,22.0,3.0,3.0,urban,no,100000 - 150000
3.0,No,female,32,5.0,yes,2.0,17.0,3.0,4.0,rural,no,25000 - 50000
1.0,Yes,female,38,4.0,yes,2.0,13.0,2.0,4.0,rural,no,"75,000 - 100000"
1.0,Yes,female,51,12.0,yes,2.0,14.0,3.0,3.0,urban,yes,"150000 - 200,000"
3.0,No,male,38,13.0,yes,0.0,12.0,6.0,5.0,urban,yes,"75,000 - 100000"
5.0,Yes,female,40,6.0,yes,2.0,15.0,5.0,3.0,rural,no,200000 or more
8.0,No,male,46,16.0,yes,2.0,14.0,3.0,3.0,rural,no,25000 - 50000
7.0,No,male,39,10.0,no,2.0,20.0,6.0,2.0,rural,yes,"150000 - 200,000"
3.0,No,male,40,8.0,no,2.0,17.0,6.0,5.0,urban,yes,"150000 - 200,000"
1.0,No,female,38,3.0,yes,1.0,17.0,4.0,3.0,rural,yes,50000 - 75000
1.0,No,female,29,15.0,no,2.0,14.0,5.0,4.0,urban,yes,50000 - 75000
0.0,Yes,male,41,13.0,yes,3.0,16.0,2.0,3.0,rural,yes,"150000 - 200,000"
4.0,No,male,40,11.0,yes,1.0,16.0,4.0,2.0,urban,yes,"150000 - 200,000"
0.0,No,female,32,7.0,yes,1.0,18.0,4.0,5.0,rural,yes,100000 - 150000
4.0,No,female,29,6.0,yes,2.0,15.0,7.0,4.0,rural,yes,Under 25000
0.0,Yes,female,39,0.0,no,1.0,18.0,5.0,1.0,urban,no,200000 or more
2.0,No,female,28,7.0,yes,1.0,19.0,4.0,2.0,rural,yes,"75,000 - 100000"
2.0,No,female,30,1.0,yes,2.0,15.0,1.0,3.0,urban,yes,Under 25000
8.0,No,male,26,12.0,yes,2.0,20.0,4.0,5.0,rural,yes,200000 or more
3.0,Yes,female,22,12.0,no,4.0,15.0,0.0,3.0,rural,yes,"75,000 - 100000"
2.0,No,female,33,2.0,no,1.0,20.0,5.0,3.0,urban,no,25000 - 50000
3.0,No,female,38,10.0,yes,3.0,10.0,0.0,4.0,urban,no,Under 25000
8.0,No,female,31,18.0,yes,2.0,14.0,6.0,4.0,urban,no,"150000 - 200,000"
5.0,No,female,39,11.0,yes,2.0,11.0,2.0,3.0,rural,no,200000 or more
3.0,Yes,male,51,9.0,yes,1.0,16.0,2.0,2.0,urban,yes,200000 or more
1.0,No,female,24,9.0,no,3.0,16.0,2.0,4.0,urban,yes,100000 - 150000
0.0,No,female,31,1.0,yes,2.0,18.0,3.0,2.0,rural,yes,"75,000 - 100000"
1.0,No,male,38,5.0,yes,3.0,15.0,5.0,3.0,rural,yes,Under 25000
9.0,Yes,male,39,1.0,yes,2.0,18.0,2.0,4.0,rural,no,200000 or more
2.0,Yes,female,27,10.0,yes,3.0,21.0,2.0,1.0,rural,no,"150000 - 200,000"
6.0,No,male,34,5.0,yes,2.0,14.0,1.0,4.0,rural,no,Under 25000
4.0,No,male,45,5.0,yes,2.0,18.0,3.0,3.0,urban,no,25000 - 50000
2.0,No,male,40,3.0,yes,0.0,14.0,5.0,4.0,urban,no,25000 - 50000
4.0,Yes,male,17,1.0,no,3.0,15.0,3.0,4.0,rural,yes,25000 - 50000
0.0,Yes,female,18,8.0,no,0.0,12.0,2.0,3.0,urban,no,"75,000 - 100000"
0.0,No,male,26,11.0,no,1.0,15.0,4.0,3.0,urban,no,Under 25000
0.0,No,male,28,12.0,yes,0.0,13.0,2.0,3.0,rural,no,Under 25000
3.0,No,male,33,13.0,yes,3.0,14.0,3.0,5.0,urban,yes,"150000 - 200,000"
5.0,No,male,28,5.0,no,3.0,14.0,8.0,4.0,urban,yes,50000 - 75000
5.0,No,female,18,11.0,yes,2.0,15.0,1.0,5.0,rural,no,"75,000 - 100000"
5.0,No,female,23,11.0,no,2.0,16.0,3.0,2.0,urban,no,"150000 - 200,000"
1.0,No,female,40,13.0,yes,2.0,17.0,1.0,3.0,urban,no,50000 - 75000
4.0,No,male,25,17.0,yes,2.0,15.0,3.0,2.0,urban,no,25000 - 50000
4.0,No,male,31,8.0,yes,3.0,17.0,4.0,4.0,rural,no,"150000 - 200,000"
2.0,No,male,29,15.0,yes,4.0,12.0,3.0,1.0,urban,no,100000 - 150000
1.0,No,male,38,12.0,yes,3.0,15.0,3.0,5.0,rural,no,200000 or more
1.0,No,male,33,11.0,yes,1.0,15.0,6.0,4.0,urban,no,"150000 - 200,000"
0.0,No,male,41,7.0,yes,3.0,16.0,7.0,2.0,urban,yes,100000 - 150000
3.0,No,female,41,9.0,yes,2.0,20.0,3.0,2.0,urban,no,"75,000 - 100000"
2.0,Yes,female,44,14.0,yes,2.0,15.0,5.0,4.0,rural,yes,200000 or more
4.0,Yes,male,20,5.0,yes,0.0,17.0,4.0,3.0,rural,no,50000 - 75000
1.0,No,male,35,12.0,yes,3.0,20.0,6.0,3.0,rural,no,"150000 - 200,000"
5.0,No,male,26,7.0,yes,4.0,12.0,6.0,4.0,urban,no,200000 or more
2.0,No,male,26,11.0,yes,3.0,14.0,7.0,3.0,urban,no,"150000 - 200,000"
7.0,Yes,male,38,15.0,yes,3.0,19.0,2.0,5.0,rural,yes,Under 25000
4.0,No,female,28,13.0,yes,3.0,16.0,0.0,5.0,urban,no,50000 - 75000
1.0,No,female,28,0.0,yes,3.0,20.0,5.0,4.0,rural,yes,200000 or more
4.0,Yes,female,44,7.0,yes,1.0,15.0,7.0,4.0,rural,yes,50000 - 75000
3.0,No,female,36,5.0,yes,2.0,14.0,3.0,4.0,rural,no,25000 - 50000
0.0,No,female,35,0.0,yes,4.0,19.0,4.0,3.0,urban,no,Under 25000
0.0,Yes,male,33,1.0,yes,5.0,16.0,5.0,4.0,rural,no,Under 25000
3.0,No,female,35,4.0,yes,3.0,16.0,5.0,2.0,urban,yes,100000 - 150000
2.0,No,male,18,8.0,yes,3.0,14.0,2.0,2.0,rural,no,Under 25000
0.0,No,female,42,8.0,yes,2.0,16.0,4.0,3.0,urban,no,200000 or more
4.0,No,female,26,4.0,no,3.0,12.0,4.0,2.0,rural,no,25000 - 50000
2.0,No,female,26,10.0,yes,3.0,20.0,4.0,5.0,urban,no,"75,000 - 100000"
3.0,No,male,47,9.0,yes,2.0,14.0,4.0,5.0,urban,yes,Under 25000
4.0,No,female,23,4.0,yes,4.0,16.0,2.0,2.0,urban,no,25000 - 50000
6.0,No,male,22,18.0,no,0.0,12.0,5.0,3.0,rural,no,"75,000 - 100000"
1.0,No,female,19,12.0,yes,4.0,14.0,4.0,5.0,urban,no,25000 - 50000
0.0,No,female,32,14.0,yes,1.0,17.0,3.0,2.0,rural,yes,Under 25000
1.0,No,female,23,7.0,yes,4.0,16.0,5.0,3.0,rural,yes,100000 - 150000
1.0,Yes,female,29,5.0,no,6.0,10.0,3.0,5.0,rural,no,100000 - 150000
1.0,No,male,26,2.0,yes,1.0,18.0,4.0,4.0,rural,yes,Under 25000
8.0,No,female,31,10.0,yes,2.0,20.0,3.0,6.0,urban,no,100000 - 150000
2.0,No,male,40,8.0,yes,1.0,13.0,6.0,2.0,urban,no,25000 - 50000
2.0,No,male,36,8.0,yes,2.0,17.0,3.0,3.0,urban,yes,"150000 - 200,000"
1.0,Yes,female,36,1.0,yes,1.0,16.0,5.0,4.0,urban,no,Under 25000
3.0,No,female,35,7.0,yes,2.0,14.0,2.0,4.0,rural,no,50000 - 75000
1.0,Yes,female,19,1.0,yes,4.0,18.0,1.0,4.0,rural,no,100000 - 150000
4.0,No,male,23,13.0,no,3.0,16.0,4.0,3.0,urban,no,Under 25000
0.0,Yes,female,28,7.0,no,4.0,17.0,3.0,3.0,rural,yes,25000 - 50000
3.0,No,male,24,3.0,no,5.0,19.0,4.0,4.0,rural,no,50000 - 75000
0.0,No,female,27,4.0,yes,2.0,10.0,6.0,4.0,urban,no,50000 - 75000
2.0,No,female,39,15.0,yes,2.0,15.0,5.0,3.0,rural,no,50000 - 75000
6.0,Yes,female,23,6.0,no,3.0,13.0,1.0,4.0,urban,no,Under 25000
1.0,Yes,female,40,6.0,yes,1.0,15.0,3.0,2.0,rural,yes,25000 - 50000
1.0,No,female,32,10.0,yes,0.0,14.0,6.0,4.0,rural,yes,"75,000 - 100000"
2.0,No,female,25,11.0,yes,1.0,14.0,5.0,2.0,urban,yes,25000 - 50000
2.0,No,female,43,11.0,yes,4.0,15.0,2.0,3.0,urban,yes,200000 or more
6.0,No,male,23,6.0,yes,4.0,21.0,4.0,5.0,urban,yes,"75,000 - 100000"
3.0,No,male,44,12.0,yes,2.0,15.0,4.0,5.0,rural,yes,100000 - 150000
2.0,Yes,male,37,10.0,yes,1.0,14.0,1.0,4.0,rural,no,Under 25000
10.0,No,female,41,0.0,no,2.0,16.0,2.0,4.0,urban,no,"75,000 - 100000"
8.0,No,male,40,15.0,yes,3.0,16.0,4.0,5.0,rural,no,"150000 - 200,000"
0.0,Yes,female,32,7.0,yes,2.0,14.0,2.0,3.0,urban,yes,Under 25000
1.0,Yes,female,30,3.0,yes,1.0,10.0,3.0,1.0,rural,yes,"75,000 - 100000"
0.0,No,male,23,2.0,no,3.0,18.0,1.0,5.0,urban,yes,"150000 - 200,000"
3.0,Yes,female,34,9.0,yes,3.0,11.0,3.0,4.0,rural,yes,25000 - 50000
4.0,No,female,35,1.0,no,0.0,14.0,3.0,3.0,rural,no,200000 or more
4.0,No,male,45,6.0,yes,2.0,16.0,5.0,3.0,urban,yes,Under 25000
3.0,No,male,33,8.0,yes,3.0,14.0,4.0,2.0,rural,yes,"150000 - 200,000"
2.0,Yes,female,32,0.0,no,1.0,14.0,3.0,3.0,rural,no,25000 - 50000
2.0,No,female,26,10.0,no,3.0,19.0,3.0,4.0,urban,yes,200000 or more
1.0,No,male,39,12.0,yes,0.0,18.0,2.0,3.0,urban,yes,Under 25000
4.0,No,male,26,2.0,yes,3.0,13.0,3.0,4.0,rural,no,25000 - 50000
0.0,Yes,male,24,18.0,yes,4.0,13.0,1.0,3.0,rural,yes,200000 or more
2.0,No,male,31,10.0,yes,2.0,14.0,1.0,5.0,urban,yes,200000 or more
1.0,No,female,29,8.0,no,3.0,15.0,4.0,4.0,rural,no,200000 or more
4.0,No,female,31,12.0,yes,3.0,18.0,5.0,4.0,urban,yes,50000 - 75000
0.0,No,female,36,6.0,no,1.0,15.0,2.0,4.0,urban,yes,50000 - 75000
2.0,No,male,51,14.0,no,2.0,13.0,2.0,6.0,urban,no,50000 - 75000
4.0,No,male,42,9.0,yes,3.0,19.0,3.0,4.0,urban,yes,200000 or more
2.0,No,female,39,3.0,yes,1.0,15.0,4.0,3.0,rural,yes,"75,000 - 100000"
7.0,Yes,male,15,11.0,no,5.0,10.0,4.0,2.0,urban,no,"75,000 - 100000"
3.0,No,male,37,2.0,yes,0.0,9.0,3.0,4.0,urban,yes,50000 - 75000
2.0,Yes,female,29,18.0,yes,1.0,14.0,6.0,3.0,rural,yes,50000 - 75000
0.0,No,female,25,9.0,yes,1.0,16.0,2.0,3.0,urban,yes,"75,000 - 100000"
5.0,No,male,21,5.0,yes,4.0,15.0,4.0,4.0,rural,yes,50000 - 75000
2.0,No,female,38,9.0,yes,4.0,18.0,1.0,3.0,rural,no,25000 - 50000
5.0,No,female,30,1.0,yes,0.0,19.0,7.0,1.0,urban,no,"150000 - 200,000"
4.0,Yes,female,45,0.0,no,1.0,13.0,4.0,2.0,rural,no,100000 - 150000
4.0,No,female,43,9.0,no,3.0,19.0,6.0,5.0,urban,no,25000 - 50000
2.0,No,female,23,5.0,no,2.0,15.0,6.0,5.0,rural,yes,200000 or more
2.0,No,male,18,10.0,yes,3.0,15.0,7.0,4.0,rural,no,100000 - 150000
4.0,No,female,28,1.0,no,3.0,17.0,4.0,3.0,urban,yes,100000 - 150000
5.0,Yes,male,20,20.0,yes,2.0,14.0,5.0,3.0,rural,yes,"150000 - 200,000"
4.0,No,female,51,16.0,yes,6.0,18.0,5.0,4.0,rural,no,100000 - 150000
4.0,No,male,42,1.0,yes,4.0,17.0,0.0,2.0,rural,yes,200000 or more
4.0,No,female,29,11.0,no,2.0,11.0,5.0,4.0,urban,yes,200000 or more
0.0,No,female,35,10.0,yes,3.0,11.0,4.0,2.0,urban,yes,Under 25000
3.0,No,female,34,9.0,no,6.0,16.0,3.0,4.0,rural,no,"150000 - 200,000"
1.0,No,male,20,7.0,no,4.0,15.0,4.0,3.0,urban,yes,100000 - 150000
0.0,No,male,36,0.0,yes,2.0,18.0,3.0,3.0,urban,no,200000 or more
8.0,No,female,23,4.0,yes,4.0,16.0,3.0,3.0,urban,yes,Under 25000
1.0,No,male,21,4.0,yes,2.0,15.0,3.0,4.0,urban,no,50000 - 75000
4.0,No,male,29,7.0,no,2.0,18.0,4.0,4.0,urban,no,"75,000 - 100000"
2.0,No,female,30,6.0,yes,4.0,12.0,5.0,6.0,urban,no,50000 - 75000
0.0,Yes,male,39,18.0,yes,1.0,13.0,2.0,3.0,rural,no,25000 - 50000
2.0,No,female,43,15.0,yes,3.0,16.0,7.0,3.0,urban,yes,"150000 - 200,000"
5.0,No,female,33,16.0,yes,2.0,16.0,3.0,4.0,urban,no,"75,000 - 100000"
0.0,No,male,35,14.0,yes,2.0,16.0,3.0,2.0,rural,no,"150000 - 200,000"
5.0,No,female,28,3.0,yes,2.0,14.0,4.0,3.0,urban,yes,200000 or more
5.0,Yes,female,19,13.0,no,2.0,18.0,5.0,3.0,rural,yes,200000 or more
1.0,No,female,35,3.0,no,2.0,15.0,3.0,3.0,rural,yes,Under 25000
2.0,Yes,male,31,4.0,no,1.0,16.0,2.0,2.0,urban,no,25000 - 50000
4.0,Yes,male,24,6.0,yes,4.0,14.0,3.0,3.0,rural,no,"75,000 - 100000"
5.0,Yes,male,16,12.0,yes,4.0,23.0,5.0,3.0,rural,yes,"75,000 - 100000"
2.0,No,female,29,0.0,yes,2.0,20.0,2.0,3.0,rural,yes,"150000 - 200,000"
1.0,Yes,female,24,3.0,yes,2.0,17.0,0.0,5.0,urban,no,25000 - 50000
2.0,No,male,43,16.0,yes,0.0,16.0,6.0,2.0,rural,yes,"75,000 - 100000"
0.0,Yes,male,36,13.0,yes,4.0,17.0,1.0,5.0,urban,no,"75,000 - 100000"
2.0,Yes,female,33,13.0,yes,2.0,15.0,5.0,3.0,urban,no,25000 - 50000
4.0,Yes,female,33,1.0,yes,1.0,14.0,4.0,3.0,urban,no,"75,000 - 100000"
5.0,No,female,27,5.0,yes,4.0,14.0,6.0,5.0,urban,no,50000 - 75000
4.0,Yes,female,41,11.0,yes,4.0,14.0,5.0,2.0,urban,yes,200000 or more
0.0,Yes,female,30,13.0,yes,0.0,20.0,6.0,4.0,rural,no,"75,000 - 100000"
4.0,No,male,32,6.0,yes,3.0,20.0,4.0,2.0,urban,no,"75,000 - 100000"
2.0,No,male,34,9.0,yes,3.0,19.0,4.0,2.0,rural,yes,Under 25000
2.0,No,male,23,5.0,yes,2.0,16.0,3.0,2.0,urban,no,50000 - 75000
8.0,No,female,41,9.0,yes,4.0,15.0,7.0,2.0,urban,no,"75,000 - 100000"
3.0,No,male,30,8.0,yes,2.0,13.0,2.0,3.0,rural,no,25000 - 50000
0.0,No,male,18,7.0,yes,3.0,15.0,6.0,1.0,urban,no,"75,000 - 100000"
1.0,No,female,30,0.0,yes,2.0,15.0,5.0,5.0,rural,no,50000 - 75000
0.0,Yes,female,16,3.0,no,3.0,19.0,4.0,3.0,rural,yes,100000 - 150000
5.0,No,male,33,11.0,no,3.0,14.0,3.0,2.0,rural,no,"75,000 - 100000"
3.0,Yes,female,27,4.0,yes,3.0,15.0,4.0,2.0,rural,yes,100000 - 150000
5.0,Yes,female,34,2.0,yes,3.0,14.0,2.0,3.0,rural,no,100000 - 150000
1.0,No,male,52,6.0,no,2.0,15.0,5.0,4.0,rural,no,25000 - 50000
0.0,No,female,18,6.0,yes,4.0,12.0,3.0,3.0,urban,yes,200000 or more
1.0,No,male,24,8.0,yes,2.0,17.0,3.0,5.0,urban,no,"75,000 - 100000"
2.0,No,male,23,1.0,yes,3.0,15.0,6.0,2.0,urban,no,"75,000 - 100000"
7.0,No,female,36,10.0,yes,4.0,17.0,1.0,4.0,urban,yes,"75,000 - 100000"
0.0,No,female,32,5.0,yes,4.0,13.0,3.0,4.0,urban,no,Under 25000
2.0,No,female,22,11.0,yes,4.0,18.0,1.0,1.0,urban,no,"150000 - 200,000"
2.0,Yes,male,28,4.0,yes,2.0,15.0,4.0,1.0,rural,yes,"150000 - 200,000"
4.0,Yes,male,26,13.0,no,3.0,18.0,5.0,3.0,urban,no,"75,000 - 100000"
0.0,No,female,25,1.0,yes,4.0,16.0,3.0,4.0,urban,yes,25000 - 50000
3.0,No,female,24,17.0,yes,2.0,19.0,2.0,3.0,urban,yes,"150000 - 200,000"
1.0,No,female,37,15.0,yes,4.0,17.0,6.0,3.0,urban,no,25000 - 50000
0.0,No,male,36,5.0,no,3.0,11.0,4.0,3.0,rural,yes,50000 - 75000
0.0,No,female,33,1.0,no,1.0,18.0,2.0,2.0,rural,yes,Under 25000
2.0,No,female,28,9.0,yes,1.0,18.0,6.0,4.0,rural,yes,200000 or more
1.0,No,male,30,5.0,yes,4.0,19.0,5.0,4.0,urban,yes,"75,000 - 100000"
6.0,No,female,31,3.0,no,2.0,15.0,2.0,4.0,rural,yes,50000 - 75000
2.0,No,female,42,2.0,yes,2.0,18.0,4.0,2.0,rural,yes,100000 - 150000
7.0,Yes,female,37,1.0,yes,3.0,15.0,4.0,4.0,rural,yes,25000 - 50000
2.0,No,male,42,1.0,yes,4.0,14.0,5.0,3.0,urban,no,"150000 - 200,000"
7.0,Yes,male,27,8.0,yes,4.0,19.0,2.0,2.0,rural,yes,200000 or more
1.0,No,male,33,2.0,yes,4.0,13.0,0.0,4.0,rural,yes,Under 25000
0.0,Yes,male,39,2.0,yes,3.0,14.0,3.0,3.0,urban,no,25000 - 50000
2.0,Yes,female,27,14.0,no,1.0,12.0,0.0,4.0,rural,yes,"150000 - 200,000"
4.0,No,female,10,12.0,no,4.0,12.0,6.0,3.0,rural,no,50000 - 75000
3.0,No,female,40,11.0,no,3.0,17.0,2.0,6.0,urban,yes,200000 or more
1.0,Yes,female,21,1.0,no,1.0,10.0,4.0,1.0,rural,no,"75,000 - 100000"
0.0,No,male,29,15.0,no,3.0,16.0,6.0,3.0,urban,no,100000 - 150000
4.0,No,female,41,3.0,yes,2.0,18.0,3.0,4.0,rural,no,Under 25000
5.0,No,female,26,11.0,yes,4.0,20.0,6.0,3.0,urban,yes,"75,000 - 100000"
9.0,No,female,25,4.0,no,2.0,15.0,4.0,3.0,urban,no,25000 - 50000
1.0,Yes,female,35,15.0,yes,1.0,14.0,2.0,5.0,rural,no,200000 or more
1.0,Yes,female,47,6.0,yes,2.0,16.0,3.0,2.0,rural,no,50000 - 75000
4.0,No,female,39,7.0,yes,3.0,15.0,5.0,2.0,rural,no,50000 - 75000
3.0,No,male,23,6.0,no,4.0,18.0,2.0,3.0,rural,no,25000 - 50000
4.0,Yes,female,38,15.0,no,3.0,14.0,2.0,2.0,rural,yes,"75,000 - 100000"
2.0,No,male,30,18.0,yes,3.0,16.0,5.0,3.0,rural,yes,50000 - 75000
6.0,No,female,46,10.0,yes,1.0,13.0,3.0,3.0,rural,no,Under 25000
0.0,Yes,female,42,7.0,no,3.0,14.0,4.0,4.0,rural,yes,"75,000 - 100000"
3.0,Yes,male,51,13.0,yes,4.0,16.0,2.0,2.0,rural,no,"150000 - 200,000"
0.0,Yes,female,38,16.0,no,1.0,16.0,4.0,4.0,urban,yes,50000 - 75000
2.0,No,female,44,9.0,no,2.0,13.0,2.0,3.0,urban,yes,"75,000 - 100000"
0.0,No,male,36,2.0,yes,1.0,19.0,5.0,3.0,urban,yes,100000 - 150000
5.0,No,female,45,10.0,yes,3.0,15.0,2.0,5.0,urban,yes,"75,000 - 100000"
3.0,No,male,49,8.0,yes,2.0,18.0,6.0,4.0,urban,no,Under 25000
6.0,Yes,male,33,1.0,no,2.0,16.0,0.0,3.0,rural,no,"75,000 - 100000"
6.0,Yes,male,36,12.0,yes,2.0,19.0,6.0,3.0,urban,no,"150000 - 200,000"
3.0,Yes,male,29,20.0,yes,0.0,14.0,3.0,2.0,urban,yes,25000 - 50000
2.0,No,female,43,18.0,no,2.0,17.0,4.0,3.0,urban,no,50000 - 75000
4.0,No,female,19,3.0,no,2.0,11.0,7.0,2.0,urban,no,200000 or more
6.0,Yes,male,27,5.0,no,2.0,14.0,3.0,3.0,rural,no,100000 - 150000
2.0,No,male,35,9.0,yes,2.0,17.0,1.0,3.0,urban,yes,"75,000 - 100000"
2.0,Yes,female,17,4.0,yes,5.0,16.0,3.0,3.0,rural,no,200000 or more
5.0,No,female,34,6.0,no,2.0,15.0,2.0,5.0,urban,yes,"150000 - 200,000"
2.0,No,male,25,6.0,yes,3.0,16.0,3.0,2.0,urban,no,"150000 - 200,000"
2.0,No,female,33,14.0,no,4.0,18.0,4.0,5.0,urban,no,200000 or more
0.0,No,male,46,2.0,yes,3.0,15.0,6.0,3.0,rural,no,Under 25000
2.0,Yes,male,15,10.0,yes,2.0,18.0,3.0,2.0,rural,no,"150000 - 200,000"
2.0,Yes,male,22,16.0,yes,4.0,15.0,2.0,4.0,urban,no,25000 - 50000
8.0,No,female,25,10.0,yes,3.0,16.0,5.0,2.0,urban,no,100000 - 150000
1.0,Yes,male,33,4.0,no,2.0,13.0,3.0,5.0,urban,no,"150000 - 200,000"
5.0,No,male,25,11.0,yes,2.0,19.0,6.0,5.0,urban,no,"150000 - 200,000"
2.0,No,female,30,10.0,no,2.0,16.0,1.0,4.0,rural,no,25000 - 50000
1.0,No,male,20,8.0,yes,3.0,10.0,5.0,3.0,rural,no,"75,000 - 100000"
1.0,No,female,33,9.0,yes,2.0,16.0,3.0,4.0,rural,yes,100000 - 150000
0.0,Yes,female,30,8.0,yes,1.0,16.0,3.0,2.0,urban,yes,200000 or more
2.0,No,female,53,4.0,no,1.0,16.0,2.0,4.0,urban,yes,"150000 - 200,000"
6.0,No,female,22,4.0,yes,0.0,13.0,0.0,3.0,urban,yes,100000 - 150000
2.0,No,male,22,11.0,yes,0.0,13.0,6.0,1.0,urban,yes,"75,000 - 100000"
2.0,No,male,32,18.0,yes,1.0,14.0,5.0,5.0,rural,yes,25000 - 50000
3.0,No,female,25,8.0,yes,2.0,14.0,5.0,4.0,urban,no,Under 25000
0.0,No,female,22,10.0,no,4.0,16.0,2.0,2.0,rural,no,25000 - 50000
4.0,No,female,33,11.0,no,2.0,16.0,5.0,4.0,rural,no,"150000 - 200,000"
3.0,No,male,31,11.0,yes,3.0,16.0,3.0,2.0,rural,yes,200000 or more
0.0,No,female,32,10.0,no,3.0,15.0,4.0,4.0,urban,yes,Under 25000
0.0,No,female,49,8.0,no,2.0,12.0,5.0,4.0,rural,yes,"150000 - 200,000"
3.0,No,male,39,16.0,yes,4.0,17.0,2.0,2.0,urban,yes,Under 25000
0.0,No,female,38,1.0,yes,2.0,16.0,1.0,3.0,urban,yes,100000 - 150000
5.0,No,female,26,11.0,yes,5.0,11.0,3.0,3.0,rural,yes,200000 or more
4.0,Yes,female,22,11.0,yes,1.0,13.0,4.0,3.0,urban,no,Under 25000
0.0,No,female,34,9.0,yes,2.0,17.0,6.0,2.0,urban,no,100000 - 150000
1.0,No,male,37,12.0,yes,4.0,13.0,2.0,4.0,urban,no,Under 25000
2.0,Yes,female,37,0.0,yes,1.0,17.0,3.0,3.0,urban,no,100000 - 150000
4.0,No,male,57,12.0,yes,4.0,11.0,3.0,4.0,urban,no,"150000 - 200,000"
2.0,No,female,23,7.0,yes,0.0,13.0,4.0,3.0,rural,no,25000 - 50000
4.0,No,female,31,6.0,no,4.0,18.0,4.0,3.0,rural,yes,50000 - 75000
0.0,No,male,34,14.0,yes,1.0,17.0,4.0,3.0,rural,yes,"150000 - 200,000"
5.0,Yes,female,53,7.0,yes,7.0,17.0,4.0,3.0,urban,no,"75,000 - 100000"
0.0,No,female,34,4.0,yes,2.0,16.0,4.0,3.0,rural,no,200000 or more
6.0,No,female,35,9.0,yes,2.0,15.0,6.0,4.0,rural,no,100000 - 150000
1.0,Yes,female,21,10.0,yes,0.0,18.0,6.0,4.0,rural,yes,100000 - 150000
2.0,No,male,6,16.0,no,4.0,12.0,4.0,1.0,urban,yes,25000 - 50000
3.0,Yes,male,44,4.0,no,1.0,11.0,6.0,2.0,rural,yes,100000 - 150000
2.0,No,male,47,16.0,yes,2.0,15.0,4.0,4.0,rural,no,25000 - 50000
0.0,No,male,19,6.0,yes,3.0,14.0,5.0,4.0,rural,no,25000 - 50000
2.0,No,male,41,8.0,yes,1.0,20.0,7.0,3.0,urban,yes,100000 - 150000
2.0,No,male,26,13.0,yes,2.0,16.0,2.0,2.0,urban,no,200000 or more
4.0,No,female,25,8.0,yes,0.0,18.0,2.0,3.0,rural,no,"75,000 - 100000"
8.0,No,female,38,11.0,no,3.0,17.0,6.0,3.0,urban,no,"150000 - 200,000"
3.0,No,male,17,14.0,yes,2.0,13.0,3.0,3.0,rural,no,"75,000 - 100000"
4.0,No,female,25,8.0,no,3.0,16.0,2.0,3.0,rural,no,25000 - 50000
1.0,No,female,26,7.0,yes,4.0,12.0,2.0,4.0,rural,no,50000 - 75000
4.0,No,female,37,9.0,yes,3.0,16.0,2.0,4.0,urban,no,100000 - 150000
4.0,No,female,41,17.0,no,4.0,17.0,7.0,3.0,urban,no,100000 - 150000
3.0,No,male,34,7.0,no,3.0,16.0,3.0,2.0,rural,yes,50000 - 75000
1.0,No,female,38,1.0,yes,4.0,18.0,6.0,6.0,urban,no,25000 - 50000
0.0,No,female,27,4.0,yes,3.0,14.0,6.0,4.0,rural,no,200000 or more
0.0,Yes,female,31,16.0,no,3.0,17.0,3.0,4.0,urban,no,"75,000 - 100000"
3.0,No,female,48,9.0,yes,2.0,18.0,2.0,5.0,rural,yes,25000 - 50000
4.0,Yes,male,37,11.0,yes,4.0,16.0,4.0,3.0,rural,yes,25000 - 50000
4.0,No,female,47,1.0,yes,1.0,18.0,3.0,4.0,rural,no,100000 - 150000
2.0,No,female,28,8.0,no,2.0,18.0,4.0,4.0,urban,yes,Under 25000
0.0,No,female,24,1.0,yes,2.0,16.0,1.0,4.0,urban,no,Under 25000
9.0,Yes,female,34,18.0,no,1.0,11.0,3.0,4.0,urban,yes,50000 - 75000
3.0,No,male,10,8.0,yes,4.0,12.0,4.0,4.0,rural,yes,25000 - 50000
3.0,Yes,male,27,12.0,no,3.0,17.0,4.0,4.0,urban,no,"150000 - 200,000"
1.0,No,male,50,7.0,yes,1.0,18.0,5.0,3.0,urban,yes,50000 - 75000
0.0,No,male,43,0.0,yes,3.0,18.0,8.0,3.0,urban,no,Under 25000
4.0,No,female,40,16.0,yes,4.0,16.0,1.0,2.0,rural,yes,200000 or more
4.0,No,male,45,4.0,yes,3.0,18.0,7.0,4.0,rural,yes,Under 25000
2.0,No,male,33,13.0,yes,3.0,16.0,3.0,3.0,urban,yes,Under 25000
0.0,No,male,31,13.0,no,4.0,15.0,4.0,2.0,rural,yes,100000 - 150000
2.0,No,male,15,16.0,yes,2.0,17.0,3.0,4.0,rural,yes,Under 25000
2.0,No,male,29,6.0,yes,3.0,18.0,6.0,4.0,urban,yes,"150000 - 200,000"
3.0,Yes,female,34,11.0,yes,2.0,12.0,5.0,3.0,urban,yes,Under 25000
2.0,No,female,34,5.0,yes,4.0,13.0,3.0,4.0,urban,no,25000 - 50000
1.0,Yes,female,44,10.0,no,4.0,15.0,6.0,5.0,rural,yes,"150000 - 200,000"
5.0,No,male,34,2.0,no,3.0,15.0,3.0,4.0,urban,yes,Under 25000
1.0,No,male,12,14.0,yes,1.0,17.0,4.0,3.0,rural,yes,25000 - 50000
2.0,No,female,32,0.0,yes,5.0,18.0,4.0,2.0,rural,no,Under 25000
0.0,No,female,32,1.0,no,5.0,19.0,6.0,6.0,rural,yes,25000 - 50000
0.0,No,female,42,9.0,yes,3.0,15.0,2.0,2.0,rural,yes,200000 or more
6.0,No,male,29,12.0,yes,4.0,17.0,1.0,4.0,urban,no,100000 - 150000
7.0,No,male,35,5.0,no,2.0,12.0,6.0,4.0,urban,yes,Under 25000
5.0,Yes,male,16,20.0,yes,4.0,19.0,2.0,4.0,urban,yes,100000 - 150000
0.0,No,female,27,7.0,yes,3.0,17.0,6.0,4.0,urban,no,50000 - 75000
8.0,Yes,male,7,17.0,yes,3.0,14.0,4.0,3.0,rural,yes,Under 25000
2.0,No,female,25,7.0,yes,2.0,15.0,3.0,4.0,urban,no,200000 or more
0.0,Yes,male,35,5.0,yes,3.0,15.0,3.0,3.0,rural,no,50000 - 75000
2.0,No,male,37,3.0,yes,3.0,13.0,3.0,3.0,urban,no,"150000 - 200,000"
2.0,No,male,31,3.0,yes,1.0,15.0,5.0,4.0,rural,yes,25000 - 50000
4.0,No,male,28,4.0,yes,1.0,12.0,4.0,3.0,rural,yes,25000 - 50000
6.0,No,female,5,5.0,yes,3.0,16.0,5.0,2.0,urban,no,50000 - 75000
7.0,No,female,23,17.0,yes,2.0,16.0,5.0,4.0,urban,no,200000 or more
1.0,Yes,male,30,12.0,yes,3.0,16.0,6.0,5.0,urban,no,200000 or more
2.0,Yes,female,27,7.0,no,3.0,15.0,4.0,4.0,rural,no,100000 - 150000
6.0,No,female,50,6.0,no,2.0,18.0,5.0,4.0,urban,yes,25000 - 50000
0.0,No,male,9,9.0,yes,3.0,16.0,2.0,4.0,urban,yes,"150000 - 200,000"
3.0,No,female,33,8.0,yes,3.0,17.0,3.0,5.0,rural,yes,25000 - 50000
1.0,Yes,female,35,6.0,yes,4.0,16.0,4.0,4.0,rural,no,"75,000 - 100000"
0.0,No,male,6,0.0,yes,3.0,12.0,5.0,4.0,rural,yes,50000 - 75000
2.0,No,male,20,10.0,yes,3.0,15.0,3.0,3.0,urban,no,"75,000 - 100000"
9.0,No,male,30,13.0,no,4.0,17.0,3.0,4.0,urban,no,100000 - 150000
1.0,Yes,male,22,3.0,yes,1.0,13.0,6.0,3.0,urban,no,"150000 - 200,000"
2.0,No,male,29,10.0,yes,3.0,12.0,5.0,4.0,rural,yes,"75,000 - 100000"
0.0,No,female,21,3.0,no,3.0,13.0,1.0,3.0,urban,yes,"75,000 - 100000"
1.0,No,female,45,8.0,no,3.0,15.0,2.0,4.0,rural,no,200000 or more
3.0,No,male,32,10.0,yes,0.0,19.0,4.0,2.0,urban,yes,"75,000 - 100000"
0.0,No,female,44,13.0,yes,4.0,16.0,7.0,2.0,urban,yes,"75,000 - 100000"
1.0,Yes,male,43,13.0,yes,4.0,13.0,4.0,3.0,urban,no,50000 - 75000
1.0,No,male,29,2.0,no,3.0,16.0,5.0,3.0,urban,no,200000 or more
1.0,No,male,29,1.0,yes,1.0,20.0,3.0,3.0,urban,no,100000 - 150000
5.0,Yes,female,43,7.0,yes,4.0,16.0,5.0,3.0,urban,yes,25000 - 50000
0.0,No,male,39,4.0,no,1.0,14.0,7.0,4.0,urban,no,100000 - 150000
1.0,Yes,female,42,10.0,no,4.0,12.0,5.0,2.0,rural,yes,100000 - 150000
4.0,No,female,20,11.0,yes,1.0,15.0,4.0,2.0,urban,no,Under 25000
1.0,No,female,26,12.0,yes,2.0,17.0,2.0,0.0,urban,no,50000 - 75000
6.0,Yes,female,35,11.0,yes,2.0,17.0,4.0,3.0,urban,yes,Under 25000
6.0,No,male,18,6.0,no,5.0,15.0,4.0,3.0,rural,no,"75,000 - 100000"
1.0,No,female,18,20.0,yes,3.0,16.0,2.0,3.0,urban,yes,100000 - 150000
3.0,No,male,46,9.0,yes,3.0,17.0,3.0,4.0,rural,no,"150000 - 200,000"
1.0,No,male,49,2.0,yes,3.0,21.0,2.0,3.0,rural,yes,Under 25000
0.0,No,female,49,5.0,yes,4.0,18.0,4.0,4.0,urban,no,Under 25000
4.0,Yes,female,33,14.0,yes,3.0,14.0,3.0,3.0,rural,yes,100000 - 150000
0.0,No,female,35,7.0,no,2.0,14.0,1.0,3.0,rural,yes,50000 - 75000
2.0,Yes,male,34,0.0,no,2.0,16.0,4.0,4.0,rural,no,200000 or more
1.0,No,male,23,11.0,yes,3.0,11.0,3.0,3.0,urban,yes,"75,000 - 100000"
1.0,No,male,21,9.0,yes,4.0,14.0,2.0,3.0,rural,no,200000 or more
2.0,No,female,22,10.0,yes,3.0,14.0,1.0,1.0,urban,yes,Under 25000
8.0,Yes,male,39,5.0,yes,1.0,16.0,3.0,3.0,urban,yes,"75,000 - 100000"
0.0,No,male,24,9.0,yes,3.0,17.0,3.0,2.0,rural,no,100000 - 150000
2.0,No,male,18,14.0,yes,2.0,10.0,6.0,3.0,rural,no,200000 or more
2.0,No,female,35,12.0,yes,2.0,14.0,5.0,5.0,urban,no,200000 or more
1.0,No,male,42,10.0,yes,5.0,14.0,4.0,4.0,urban,no,200000 or more
0.0,No,female,15,13.0,yes,4.0,18.0,4.0,3.0,urban,no,"150000 - 200,000"
3.0,No,male,21,11.0,yes,0.0,15.0,6.0,2.0,urban,yes,25000 - 50000
2.0,No,female,38,4.0,yes,2.0,16.0,2.0,5.0,rural,yes,25000 - 50000
3.0,No,female,26,11.0,no,4.0,16.0,3.0,4.0,urban,yes,Under 25000
0.0,No,male,15,7.0,yes,1.0,14.0,4.0,4.0,rural,no,200000 or more
1.0,No,female,34,8.0,yes,3.0,13.0,3.0,3.0,rural,no,"150000 - 200,000"
0.0,Yes,male,46,6.0,yes,2.0,14.0,5.0,3.0,rural,no,25000 - 50000
0.0,No,female,46,10.0,no,3.0,15.0,4.0,1.0,urban,no,"150000 - 200,000"
5.0,Yes,male,24,5.0,yes,3.0,17.0,4.0,3.0,urban,yes,50000 - 75000
5.0,No,female,10,14.0,yes,4.0,14.0,4.0,6.0,rural,no,"75,000 - 100000"
0.0,Yes,female,31,7.0,yes,3.0,19.0,4.0,4.0,urban,no,"150000 - 200,000"
3.0,No,male,38,1.0,yes,3.0,16.0,4.0,4.0,rural,yes,25000 - 50000
0.0,No,female,34,4.0,yes,3.0,14.0,4.0,3.0,urban,yes,Under 25000
5.0,No,male,26,0.0,no,2.0,12.0,6.0,4.0,urban,yes,"75,000 - 100000"
5.0,Yes,female,40,11.0,yes,4.0,18.0,3.0,4.0,urban,yes,"150000 - 200,000"
0.0,No,female,35,8.0,no,2.0,19.0,0.0,4.0,rural,yes,25000 - 50000
2.0,Yes,female,26,18.0,yes,4.0,15.0,2.0,2.0,rural,no,25000 - 50000
1.0,No,female,39,7.0,no,3.0,15.0,4.0,4.0,rural,no,25000 - 50000
6.0,No,male,32,3.0,yes,4.0,17.0,6.0,3.0,rural,no,100000 - 150000
2.0,Yes,female,34,14.0,no,3.0,12.0,3.0,4.0,urban,no,"150000 - 200,000"
0.0,No,female,18,7.0,yes,4.0,18.0,4.0,5.0,rural,yes,"150000 - 200,000"
3.0,No,female,43,5.0,yes,2.0,15.0,5.0,4.0,urban,no,"75,000 - 100000"
1.0,Yes,male,43,0.0,yes,4.0,18.0,3.0,4.0,rural,yes,"150000 - 200,000"
1.0,Yes,female,23,2.0,yes,3.0,13.0,0.0,4.0,urban,yes,50000 - 75000
2.0,No,male,21,3.0,yes,1.0,18.0,2.0,4.0,urban,no,100000 - 150000
1.0,No,female,51,17.0,yes,3.0,17.0,2.0,6.0,rural,no,100000 - 150000
2.0,No,female,50,10.0,no,3.0,18.0,5.0,5.0,rural,no,200000 or more
2.0,No,male,32,2.0,no,3.0,14.0,6.0,4.0,rural,no,200000 or more
0.0,No,female,19,11.0,yes,3.0,15.0,0.0,5.0,urban,yes,50000 - 75000
3.0,No,female,35,11.0,yes,4.0,11.0,2.0,3.0,urban,no,200000 or more
1.0,Yes,male,18,2.0,no,0.0,17.0,5.0,3.0,rural,no,Under 25000
